-- phpMyAdmin SQL Dump
-- version 4.4.10
-- http://www.phpmyadmin.net
--
-- Host: localhost:8889
-- Generation Time: Feb 20, 2016 at 03:39 PM
-- Server version: 5.5.42
-- PHP Version: 5.6.10

SET SQL_MODE = "NO_AUTO_VALUE_ON_ZERO";
SET time_zone = "+00:00";

--
-- Database: `auctionsystem`
--
CREATE DATABASE IF NOT EXISTS `auctionsystem` DEFAULT CHARACTER SET latin1 COLLATE latin1_swedish_ci;
USE `auctionsystem`;

-- --------------------------------------------------------

--
-- Table structure for table `auctions`
--

DROP TABLE IF EXISTS `auctions`;
CREATE TABLE `auctions` (
  `auctionId` int(11) NOT NULL,
  `itemId` int(11) NOT NULL,
  `quantity` int(11) unsigned NOT NULL DEFAULT '1',
  `startPrice` decimal(10,2) unsigned NOT NULL,
  `reservePrice` decimal(10,2) unsigned NOT NULL,
  `startTime` datetime NOT NULL,
  `endTime` datetime NOT NULL,
  `sold` tinyint(2) unsigned NOT NULL DEFAULT '0'
) ENGINE=InnoDB AUTO_INCREMENT=177 DEFAULT CHARSET=latin1;

--
-- Dumping data for table `auctions`
--

INSERT INTO `auctions` (`auctionId`, `itemId`, `quantity`, `startPrice`, `reservePrice`, `startTime`, `endTime`, `sold`) VALUES
  (1, 1, 2, '9.66', '90.00', '2016-02-16 16:46:27', '2016-03-02 04:24:45', 0),
  (2, 1, 8, '33.97', '41.59', '2016-02-16 02:00:24', '2016-02-23 21:29:43', 0),
  (3, 2, 10, '61.12', '64.45', '2016-02-16 22:39:23', '2016-02-27 20:50:05', 0),
  (4, 4, 3, '19.49', '0.00', '2016-02-16 14:46:33', '2016-03-01 21:04:53', 0),
  (5, 5, 8, '12.82', '46.94', '2016-03-16 14:16:42', '2016-04-02 10:11:52', 0),
  (6, 5, 8, '11.62', '29.83', '2016-02-18 02:00:48', '2016-03-01 07:03:42', 0),
  (7, 7, 5, '42.21', '51.43', '2016-02-16 00:27:55', '2016-02-26 19:26:34', 0),
  (8, 7, 10, '59.77', '0.00', '2016-02-17 01:23:45', '2016-03-05 14:57:13', 0),
  (9, 9, 2, '63.67', '65.56', '2016-02-16 02:08:02', '2016-03-03 03:46:29', 0),
  (10, 11, 3, '71.14', '82.22', '2016-02-15 04:32:57', '2016-02-27 00:28:38', 0),
  (11, 11, 6, '68.25', '0.00', '2016-02-15 19:22:00', '2016-02-22 23:03:33', 0),
  (12, 12, 2, '93.62', '97.29', '2016-02-18 15:31:34', '2016-03-03 00:16:02', 0),
  (13, 14, 5, '67.04', '89.51', '2016-02-18 07:42:25', '2016-02-24 10:51:53', 0),
  (14, 14, 9, '4.62', '56.18', '2016-02-17 12:27:58', '2016-02-29 05:50:57', 0),
  (15, 15, 5, '75.70', '80.67', '2016-02-19 01:31:08', '2016-02-26 11:06:16', 0),
  (16, 15, 7, '29.84', '81.69', '2016-02-15 20:57:51', '2016-03-04 15:06:09', 0),
  (17, 16, 3, '37.82', '55.50', '2016-02-15 20:16:12', '2016-03-05 14:48:29', 0),
  (18, 17, 4, '68.99', '70.43', '2016-02-16 03:48:04', '2016-03-01 14:03:15', 0),
  (19, 17, 6, '90.92', '93.33', '2016-02-18 09:57:34', '2016-02-23 07:09:34', 0),
  (20, 19, 1, '64.97', '85.27', '2016-02-16 20:36:44', '2016-03-01 10:22:10', 0),
  (21, 21, 10, '95.23', '96.30', '2016-02-16 06:00:03', '2016-02-23 05:27:26', 0),
  (22, 23, 2, '40.16', '92.82', '2016-02-18 07:06:34', '2016-03-02 03:21:06', 0),
  (23, 23, 5, '3.88', '0.00', '2016-02-16 12:30:22', '2016-02-26 22:17:46', 0),
  (24, 24, 3, '85.03', '97.21', '2016-02-17 08:04:18', '2016-03-04 13:06:43', 0),
  (25, 24, 10, '38.68', '66.18', '2016-02-18 16:45:14', '2016-02-27 19:53:57', 0),
  (26, 28, 7, '43.92', '0.00', '2016-02-15 11:18:24', '2016-02-22 14:12:13', 0),
  (27, 28, 3, '16.39', '0.00', '2016-02-18 04:09:31', '2016-03-04 07:45:22', 0),
  (28, 29, 5, '0.09', '49.52', '2016-02-17 20:18:25', '2016-03-05 05:48:21', 0),
  (29, 32, 8, '96.22', '0.00', '2016-02-16 08:31:47', '2016-02-24 00:48:35', 0),
  (30, 33, 10, '49.60', '72.19', '2016-02-16 22:43:35', '2016-03-05 15:35:50', 0),
  (31, 33, 9, '47.01', '60.28', '2016-02-17 06:33:01', '2016-03-04 17:36:51', 0),
  (32, 34, 10, '84.17', '92.05', '2016-02-17 11:40:31', '2016-03-01 03:01:37', 0),
  (33, 34, 7, '74.18', '77.73', '2016-02-15 19:33:35', '2016-03-02 10:02:21', 0),
  (34, 35, 1, '93.18', '95.87', '2016-02-17 02:59:07', '2016-03-02 19:22:30', 0),
  (35, 36, 3, '48.14', '60.53', '2016-02-18 13:15:22', '2016-02-27 13:36:27', 0),
  (36, 36, 8, '66.69', '96.80', '2016-02-17 12:30:20', '2016-03-02 07:23:00', 0),
  (37, 37, 3, '9.30', '76.74', '2016-02-18 07:11:05', '2016-03-03 17:20:12', 0),
  (38, 38, 4, '43.20', '49.32', '2016-02-16 01:04:49', '2016-02-27 22:05:22', 0),
  (39, 41, 9, '62.10', '83.96', '2016-02-18 20:40:23', '2016-02-24 14:22:31', 0),
  (40, 42, 2, '24.92', '78.14', '2016-02-16 13:10:48', '2016-02-24 14:09:23', 0),
  (41, 42, 9, '15.99', '82.06', '2016-02-16 13:53:16', '2016-02-25 07:06:07', 0),
  (42, 44, 7, '68.03', '90.95', '2016-02-18 23:50:15', '2016-02-24 00:42:51', 0),
  (43, 45, 5, '6.35', '95.63', '2016-02-17 13:10:06', '2016-02-22 18:17:25', 0),
  (44, 47, 1, '38.60', '0.00', '2016-02-15 02:37:00', '2016-02-23 18:35:16', 0),
  (45, 47, 2, '71.69', '83.51', '2016-02-16 09:08:23', '2016-02-27 13:35:53', 0),
  (46, 49, 1, '97.38', '98.77', '2016-02-15 14:31:53', '2016-02-24 01:03:46', 0),
  (47, 51, 1, '6.80', '87.56', '2016-02-17 01:57:50', '2016-03-04 13:24:28', 0),
  (48, 52, 8, '58.20', '94.91', '2016-02-15 09:30:52', '2016-02-27 08:32:55', 0),
  (49, 54, 5, '27.33', '64.44', '2016-02-17 02:46:52', '2016-02-23 15:43:56', 0),
  (50, 54, 5, '76.97', '88.50', '2016-02-18 08:57:43', '2016-02-25 08:19:27', 0),
  (51, 55, 7, '90.10', '92.47', '2016-02-18 22:10:18', '2016-03-01 15:38:13', 0),
  (52, 56, 2, '38.32', '68.03', '2016-02-15 05:39:03', '2016-03-02 00:21:47', 0),
  (53, 62, 8, '88.00', '93.13', '2016-02-15 17:16:23', '2016-03-04 21:58:00', 0),
  (54, 62, 7, '37.55', '80.27', '2016-02-17 10:18:33', '2016-03-02 16:09:30', 0),
  (55, 63, 1, '7.49', '25.46', '2016-02-18 14:11:22', '2016-02-23 07:30:21', 0),
  (56, 63, 5, '78.13', '0.00', '2016-02-16 21:53:39', '2016-02-22 23:33:57', 0),
  (57, 64, 6, '77.14', '0.00', '2016-02-17 00:47:37', '2016-02-27 00:36:17', 0),
  (58, 65, 7, '83.08', '0.00', '2016-02-17 18:11:46', '2016-03-04 22:51:37', 0),
  (59, 65, 10, '35.89', '71.67', '2016-02-16 05:14:54', '2016-03-02 11:50:57', 0),
  (60, 66, 2, '4.49', '5.74', '2016-02-17 04:40:28', '2016-02-22 04:08:45', 0),
  (61, 67, 7, '15.96', '89.36', '2016-02-16 01:53:20', '2016-02-23 01:41:47', 0),
  (62, 68, 6, '91.18', '92.95', '2016-02-16 04:11:14', '2016-03-03 09:17:17', 0),
  (63, 68, 9, '25.73', '91.57', '2016-02-15 19:40:48', '2016-03-05 01:36:03', 0),
  (64, 71, 6, '94.71', '96.37', '2016-02-16 12:29:37', '2016-02-29 11:09:23', 0),
  (65, 71, 9, '70.20', '77.48', '2016-02-18 12:53:22', '2016-03-01 23:07:08', 0),
  (66, 73, 7, '29.29', '76.96', '2016-02-18 02:54:17', '2016-02-22 15:12:27', 0),
  (67, 74, 4, '78.99', '84.72', '2016-02-16 17:30:09', '2016-02-23 08:24:15', 0),
  (68, 74, 5, '29.26', '37.04', '2016-02-18 06:31:30', '2016-02-28 13:29:55', 0),
  (69, 75, 3, '95.12', '99.22', '2016-02-15 19:38:26', '2016-02-21 16:36:01', 0),
  (70, 75, 9, '14.90', '81.41', '2016-02-17 12:21:28', '2016-02-25 22:35:06', 0),
  (71, 76, 2, '21.61', '0.00', '2016-02-17 14:51:50', '2016-02-29 08:24:16', 0),
  (72, 76, 7, '20.36', '0.00', '2016-02-17 22:07:45', '2016-02-24 03:04:56', 0),
  (73, 77, 3, '44.50', '0.00', '2016-02-16 22:11:11', '2016-02-26 19:46:38', 0),
  (74, 77, 10, '60.05', '70.57', '2016-02-16 22:45:52', '2016-02-23 13:52:21', 0),
  (75, 78, 6, '43.86', '79.41', '2016-02-16 16:12:21', '2016-03-04 15:10:11', 0),
  (76, 79, 1, '16.97', '90.42', '2016-02-17 23:52:59', '2016-03-04 02:33:56', 0),
  (77, 80, 3, '4.90', '36.93', '2016-02-15 18:43:29', '2016-02-22 21:24:27', 0),
  (78, 80, 9, '78.22', '99.77', '2016-02-18 13:58:01', '2016-03-05 06:20:00', 0),
  (79, 84, 2, '37.27', '40.49', '2016-02-15 02:18:19', '2016-02-24 21:54:20', 0),
  (80, 84, 1, '57.56', '84.72', '2016-02-17 18:29:25', '2016-03-01 03:42:23', 0),
  (81, 85, 6, '91.75', '95.43', '2016-02-18 07:19:23', '2016-02-26 02:06:42', 0),
  (82, 87, 4, '27.68', '0.00', '2016-02-16 11:09:52', '2016-03-02 05:04:36', 0),
  (83, 89, 6, '33.80', '35.68', '2016-02-17 18:15:46', '2016-02-25 07:21:05', 0),
  (84, 91, 10, '12.87', '32.55', '2016-02-18 07:04:15', '2016-02-21 11:57:00', 0),
  (85, 91, 8, '74.12', '0.00', '2016-02-17 14:05:45', '2016-02-26 05:18:09', 0),
  (86, 92, 7, '37.42', '64.48', '2016-02-18 09:36:48', '2016-02-25 05:29:15', 0),
  (87, 92, 6, '34.73', '51.93', '2016-02-15 07:52:07', '2016-02-24 19:22:05', 0),
  (88, 93, 5, '52.59', '67.76', '2016-02-18 04:01:56', '2016-02-28 22:56:01', 0),
  (89, 93, 7, '3.63', '62.38', '2016-02-15 14:49:51', '2016-02-24 17:44:53', 0),
  (90, 94, 6, '58.35', '73.82', '2016-02-16 02:07:55', '2016-03-01 11:55:33', 0),
  (91, 96, 9, '15.41', '88.73', '2016-02-18 06:02:58', '2016-02-27 16:38:37', 0),
  (92, 98, 3, '19.29', '67.72', '2016-02-17 04:44:07', '2016-03-01 14:59:11', 0),
  (93, 98, 7, '88.30', '95.23', '2016-02-16 01:40:34', '2016-02-23 01:21:55', 0),
  (94, 100, 6, '56.90', '93.64', '2016-02-17 09:26:34', '2016-03-02 08:44:38', 0),
  (95, 100, 1, '14.74', '86.35', '2016-02-16 05:50:46', '2016-02-23 22:04:54', 0),
  (96, 102, 10, '3.04', '99.73', '2016-02-16 17:09:49', '2016-02-29 09:05:37', 0),
  (97, 102, 8, '64.86', '88.55', '2016-02-16 13:35:47', '2016-02-24 07:59:57', 0),
  (98, 105, 10, '52.42', '67.26', '2016-02-16 23:13:27', '2016-02-23 04:58:25', 0),
  (99, 108, 2, '9.88', '68.19', '2016-02-16 16:38:25', '2016-02-26 06:39:50', 0),
  (100, 109, 8, '78.41', '94.56', '2016-02-15 19:21:30', '2016-02-26 11:55:26', 0),
  (101, 109, 8, '78.61', '81.32', '2016-02-16 01:34:12', '2016-03-03 08:35:42', 0),
  (102, 110, 2, '1.53', '33.23', '2016-02-16 16:25:03', '2016-02-29 22:02:13', 0),
  (103, 110, 1, '82.86', '98.49', '2016-02-17 20:15:26', '2016-02-23 05:20:31', 0),
  (104, 111, 2, '76.91', '88.47', '2016-02-18 11:02:28', '2016-03-03 10:58:21', 0),
  (105, 113, 7, '26.89', '0.00', '2016-02-16 22:36:21', '2016-02-25 05:45:16', 0),
  (106, 113, 9, '21.52', '66.33', '2016-02-18 19:33:21', '2016-03-01 19:13:55', 0),
  (107, 114, 9, '88.71', '89.29', '2016-02-18 13:18:01', '2016-03-02 18:57:50', 0),
  (108, 114, 5, '71.06', '90.62', '2016-02-18 16:12:13', '2016-03-01 17:59:12', 0),
  (109, 116, 1, '69.17', '69.20', '2016-02-18 07:58:20', '2016-02-28 03:25:14', 0),
  (110, 118, 10, '25.77', '83.80', '2016-02-18 10:12:51', '2016-02-23 17:47:54', 0),
  (111, 120, 3, '76.40', '90.17', '2016-02-15 12:32:02', '2016-02-23 14:53:25', 0),
  (112, 120, 1, '69.73', '0.00', '2016-02-16 12:24:58', '2016-02-24 23:13:53', 0),
  (113, 122, 4, '29.13', '90.06', '2016-02-15 08:14:17', '2016-03-05 18:16:49', 0),
  (114, 122, 3, '2.33', '19.77', '2016-02-15 12:13:29', '2016-02-26 19:17:26', 0),
  (115, 123, 5, '61.95', '96.71', '2016-02-17 06:06:11', '2016-03-05 17:01:30', 0),
  (116, 124, 5, '22.73', '23.61', '2016-02-16 07:34:28', '2016-02-22 23:03:47', 0),
  (117, 124, 6, '18.28', '77.40', '2016-02-16 17:30:42', '2016-02-26 21:13:57', 0),
  (118, 126, 7, '22.95', '91.76', '2016-02-17 07:53:54', '2016-03-03 23:02:10', 0),
  (119, 127, 7, '37.18', '51.72', '2016-02-16 13:05:58', '2016-02-22 06:38:30', 0),
  (120, 127, 2, '83.26', '0.00', '2016-02-18 12:59:16', '2016-03-06 01:22:37', 0),
  (121, 129, 1, '69.69', '78.93', '2016-02-16 19:37:10', '2016-03-05 09:45:09', 0),
  (122, 130, 5, '10.95', '79.01', '2016-02-16 15:52:03', '2016-02-27 08:47:38', 0),
  (123, 130, 6, '79.62', '82.35', '2016-02-17 19:48:08', '2016-03-04 04:12:40', 0),
  (124, 131, 6, '20.58', '43.55', '2016-02-17 11:41:00', '2016-02-28 05:11:59', 0),
  (125, 132, 7, '93.91', '95.45', '2016-02-16 15:46:49', '2016-03-02 15:28:11', 0),
  (126, 134, 1, '72.15', '0.00', '2016-02-18 00:15:52', '2016-02-22 01:04:50', 0),
  (127, 134, 3, '8.08', '53.23', '2016-02-18 06:02:10', '2016-02-24 17:15:21', 0),
  (128, 135, 8, '87.70', '95.13', '2016-02-16 05:18:42', '2016-02-22 05:47:58', 0),
  (129, 135, 3, '77.45', '81.27', '2016-02-18 07:49:05', '2016-02-24 00:12:04', 0),
  (130, 137, 8, '81.50', '0.00', '2016-02-17 12:06:38', '2016-02-28 14:42:12', 0),
  (131, 138, 2, '28.62', '92.88', '2016-02-16 08:26:58', '2016-02-21 21:19:09', 0),
  (132, 139, 2, '58.77', '75.54', '2016-02-18 04:06:14', '2016-02-21 07:55:44', 0),
  (133, 139, 7, '40.03', '45.97', '2016-02-17 09:48:25', '2016-02-28 08:13:34', 0),
  (134, 141, 1, '58.90', '0.00', '2016-02-18 12:35:34', '2016-02-26 07:10:02', 0),
  (135, 142, 7, '7.68', '34.33', '2016-02-16 22:17:32', '2016-02-24 18:35:05', 0),
  (136, 142, 4, '93.23', '96.26', '2016-02-16 14:55:16', '2016-02-26 15:57:34', 0),
  (137, 143, 9, '20.55', '0.00', '2016-02-15 14:20:24', '2016-02-24 05:47:24', 0),
  (138, 143, 6, '22.31', '0.00', '2016-02-17 08:02:35', '2016-02-24 21:01:36', 0),
  (139, 145, 7, '1.54', '0.00', '2016-02-16 13:46:03', '2016-02-26 23:00:40', 0),
  (140, 146, 6, '26.13', '87.16', '2016-02-17 09:19:09', '2016-03-03 11:25:39', 0),
  (141, 149, 8, '84.22', '90.02', '2016-02-15 05:11:27', '2016-02-29 07:52:49', 0),
  (142, 149, 1, '67.21', '70.82', '2016-02-17 09:51:15', '2016-02-25 14:51:42', 0),
  (143, 151, 7, '93.71', '99.03', '2016-02-17 23:56:52', '2016-02-29 10:22:06', 0),
  (144, 152, 9, '98.50', '98.58', '2016-02-15 20:23:45', '2016-02-26 07:26:13', 0),
  (145, 154, 5, '75.96', '95.33', '2016-02-18 14:12:05', '2016-02-26 14:37:51', 0),
  (146, 156, 6, '15.18', '68.37', '2016-02-16 18:35:38', '2016-03-03 08:04:20', 0),
  (147, 156, 7, '44.57', '0.00', '2016-02-18 17:22:21', '2016-03-05 06:00:20', 0),
  (148, 157, 4, '59.59', '72.22', '2016-02-16 10:22:29', '2016-03-02 02:07:11', 0),
  (149, 157, 6, '26.48', '0.00', '2016-02-16 15:32:03', '2016-02-28 21:08:51', 0),
  (150, 158, 7, '6.21', '58.75', '2016-02-15 22:51:29', '2016-03-04 17:36:50', 0),
  (151, 158, 2, '65.91', '71.29', '2016-02-18 17:59:30', '2016-03-02 07:07:06', 0),
  (152, 159, 5, '57.31', '87.27', '2016-02-17 01:11:39', '2016-02-26 18:33:25', 0),
  (153, 159, 5, '81.13', '81.30', '2016-02-19 00:30:27', '2016-02-22 15:41:55', 0),
  (154, 162, 9, '8.38', '85.04', '2016-02-18 23:58:19', '2016-02-22 05:37:18', 0),
  (155, 162, 7, '6.90', '28.11', '2016-02-17 04:18:52', '2016-02-24 05:01:37', 0),
  (156, 163, 4, '3.63', '83.57', '2016-02-16 20:27:49', '2016-02-21 02:53:14', 0),
  (157, 165, 6, '17.25', '61.23', '2016-02-18 15:00:25', '2016-03-01 05:41:05', 0),
  (158, 166, 6, '38.05', '58.69', '2016-02-17 21:39:10', '2016-02-28 18:17:31', 0),
  (159, 166, 6, '20.56', '31.54', '2016-02-16 17:27:37', '2016-03-02 10:15:42', 0),
  (160, 168, 1, '45.23', '80.26', '2016-02-18 13:27:57', '2016-02-23 13:54:24', 0),
  (161, 170, 3, '9.26', '62.83', '2016-02-15 07:56:58', '2016-03-05 20:35:57', 0),
  (162, 170, 6, '66.48', '72.46', '2016-02-16 04:30:08', '2016-02-24 08:26:38', 0),
  (163, 172, 4, '10.01', '28.22', '2016-02-18 09:26:11', '2016-03-04 17:43:15', 0),
  (164, 172, 9, '74.71', '84.66', '2016-02-16 12:05:44', '2016-03-01 11:38:52', 0),
  (165, 173, 8, '81.56', '82.07', '2016-02-18 14:19:37', '2016-03-02 20:15:56', 0),
  (166, 173, 9, '63.17', '0.00', '2016-02-18 16:45:04', '2016-02-28 08:18:34', 0),
  (167, 174, 9, '16.91', '0.00', '2016-02-17 16:04:30', '2016-02-22 00:41:14', 0),
  (168, 175, 9, '58.36', '0.00', '2016-02-18 15:37:21', '2016-02-22 09:22:46', 0),
  (169, 176, 2, '3.29', '57.86', '2016-02-17 22:13:57', '2016-02-26 03:51:28', 0),
  (170, 178, 5, '23.60', '0.00', '2016-02-15 17:40:11', '2016-02-27 10:02:14', 0),
  (171, 178, 1, '52.95', '64.97', '2016-02-18 14:01:28', '2016-03-05 19:39:11', 0),
  (172, 179, 1, '45.62', '83.27', '2016-02-17 06:10:25', '2016-02-26 19:30:04', 0),
  (173, 179, 3, '39.94', '71.25', '2016-02-18 11:28:45', '2016-03-02 10:07:15', 0),
  (174, 180, 3, '58.75', '96.53', '2016-02-17 16:07:26', '2016-02-25 04:12:25', 0),
  (175, 181, 6, '93.90', '97.79', '2016-02-17 05:35:31', '2016-03-01 16:36:30', 0),
  (176, 182, 1, '11.00', '100.00', '2016-02-20 15:37:00', '2016-02-17 00:00:00', 0);

-- --------------------------------------------------------

--
-- Table structure for table `auction_views`
--

DROP TABLE IF EXISTS `auction_views`;
CREATE TABLE `auction_views` (
  `viewId` int(11) NOT NULL,
  `auctionId` int(11) NOT NULL,
  `viewTime` datetime NOT NULL
) ENGINE=InnoDB DEFAULT CHARSET=latin1;

-- --------------------------------------------------------

--
-- Table structure for table `auction_watches`
--

DROP TABLE IF EXISTS `auction_watches`;
CREATE TABLE `auction_watches` (
  `watchId` int(11) NOT NULL,
  `userId` int(11) NOT NULL,
  `auctionId` int(11) NOT NULL
) ENGINE=InnoDB DEFAULT CHARSET=latin1;

-- --------------------------------------------------------

--
-- Table structure for table `bids`
--

DROP TABLE IF EXISTS `bids`;
CREATE TABLE `bids` (
  `bidId` int(11) NOT NULL,
  `userId` int(11) NOT NULL,
  `auctionId` int(11) NOT NULL,
  `bidTime` datetime NOT NULL,
  `bidPrice` decimal(10,2) unsigned NOT NULL
) ENGINE=InnoDB AUTO_INCREMENT=1141 DEFAULT CHARSET=latin1;

--
-- Dumping data for table `bids`
--

INSERT INTO `bids` (`bidId`, `userId`, `auctionId`, `bidTime`, `bidPrice`) VALUES
  (1, 12, 3, '2016-02-19 03:18:49', '194.00'),
  (2, 12, 3, '2016-02-19 23:43:27', '197.00'),
  (3, 12, 3, '2016-02-19 23:57:21', '198.00'),
  (4, 12, 3, '2016-02-20 00:42:22', '199.00'),
  (5, 12, 3, '2016-02-20 01:29:21', '199.00'),
  (6, 12, 3, '2016-02-20 01:41:40', '199.00'),
  (7, 12, 3, '2016-02-20 01:42:15', '199.00'),
  (8, 12, 3, '2016-02-20 01:52:23', '200.00'),
  (9, 13, 6, '2016-02-19 08:34:57', '186.00'),
  (10, 13, 6, '2016-02-19 11:51:17', '197.00'),
  (11, 13, 6, '2016-02-19 23:36:10', '198.00'),
  (12, 13, 6, '2016-02-19 23:50:18', '199.00'),
  (13, 13, 6, '2016-02-20 00:51:45', '199.00'),
  (14, 13, 6, '2016-02-20 01:32:39', '199.00'),
  (15, 13, 6, '2016-02-20 01:49:09', '200.00'),
  (16, 13, 6, '2016-02-20 01:50:16', '200.00'),
  (17, 13, 6, '2016-02-20 01:52:04', '200.00'),
  (18, 13, 6, '2016-02-20 01:52:54', '200.00'),
  (19, 13, 6, '2016-02-20 01:53:47', '200.00'),
  (20, 13, 6, '2016-02-20 01:53:54', '200.00'),
  (21, 13, 6, '2016-02-20 01:54:10', '200.00'),
  (22, 13, 7, '2016-02-17 14:28:55', '76.00'),
  (23, 13, 7, '2016-02-18 00:26:21', '94.00'),
  (24, 13, 7, '2016-02-19 22:04:28', '104.00'),
  (25, 13, 7, '2016-02-19 22:44:12', '196.00'),
  (26, 13, 7, '2016-02-19 23:17:08', '197.00'),
  (27, 13, 7, '2016-02-20 00:53:30', '199.00'),
  (28, 13, 7, '2016-02-20 01:41:20', '199.00'),
  (29, 13, 7, '2016-02-20 01:48:39', '199.00'),
  (30, 13, 7, '2016-02-20 01:52:06', '199.00'),
  (31, 13, 7, '2016-02-20 01:52:51', '199.00'),
  (32, 13, 7, '2016-02-20 01:53:06', '199.00'),
  (33, 13, 8, '2016-02-18 20:24:31', '193.00'),
  (34, 13, 8, '2016-02-18 22:57:28', '194.00'),
  (35, 13, 8, '2016-02-19 19:27:02', '199.00'),
  (36, 13, 8, '2016-02-19 23:38:36', '199.00'),
  (37, 13, 8, '2016-02-20 00:25:36', '199.00'),
  (38, 13, 8, '2016-02-20 01:14:22', '200.00'),
  (39, 13, 8, '2016-02-20 01:41:20', '200.00'),
  (40, 13, 8, '2016-02-20 01:46:08', '200.00'),
  (41, 13, 8, '2016-02-20 01:48:58', '200.00'),
  (42, 13, 8, '2016-02-20 01:52:29', '200.00'),
  (43, 15, 9, '2016-02-16 02:42:07', '114.00'),
  (44, 15, 9, '2016-02-16 08:11:19', '169.00'),
  (45, 15, 9, '2016-02-18 08:30:34', '190.00'),
  (46, 15, 9, '2016-02-19 23:45:56', '197.00'),
  (47, 15, 9, '2016-02-20 00:10:53', '198.00'),
  (48, 15, 9, '2016-02-20 01:01:03', '198.00'),
  (49, 15, 9, '2016-02-20 01:40:14', '198.00'),
  (50, 15, 9, '2016-02-20 01:46:41', '199.00'),
  (51, 15, 9, '2016-02-20 01:48:34', '199.00'),
  (52, 15, 9, '2016-02-20 01:49:33', '199.00'),
  (53, 15, 9, '2016-02-20 01:53:05', '199.00'),
  (54, 15, 9, '2016-02-20 01:53:30', '199.00'),
  (55, 17, 11, '2016-02-16 13:43:21', '164.00'),
  (56, 17, 11, '2016-02-19 09:39:52', '173.00'),
  (57, 17, 11, '2016-02-19 22:28:51', '174.00'),
  (58, 17, 11, '2016-02-19 23:41:14', '184.00'),
  (59, 17, 11, '2016-02-20 00:43:56', '198.00'),
  (60, 17, 11, '2016-02-20 00:46:56', '199.00'),
  (61, 17, 11, '2016-02-20 00:59:29', '199.00'),
  (62, 17, 11, '2016-02-20 01:20:08', '199.00'),
  (63, 17, 11, '2016-02-20 01:46:39', '200.00'),
  (64, 17, 11, '2016-02-20 01:52:37', '200.00'),
  (65, 17, 11, '2016-02-20 01:52:40', '200.00'),
  (66, 17, 11, '2016-02-20 01:54:12', '200.00'),
  (67, 17, 11, '2016-02-20 01:54:13', '200.00'),
  (68, 17, 11, '2016-02-20 01:54:13', '200.00'),
  (69, 17, 12, '2016-02-19 21:29:45', '174.00'),
  (70, 17, 12, '2016-02-19 22:05:42', '175.00'),
  (71, 17, 12, '2016-02-19 23:55:40', '198.00'),
  (72, 17, 12, '2016-02-20 01:01:11', '199.00'),
  (73, 17, 12, '2016-02-20 01:12:22', '199.00'),
  (74, 17, 12, '2016-02-20 01:34:58', '199.00'),
  (75, 17, 12, '2016-02-20 01:41:54', '199.00'),
  (76, 17, 12, '2016-02-20 01:53:43', '199.00'),
  (77, 17, 12, '2016-02-20 01:53:51', '199.00'),
  (78, 18, 13, '2016-02-19 12:36:15', '67.00'),
  (79, 18, 13, '2016-02-19 22:58:53', '165.00'),
  (80, 18, 13, '2016-02-19 23:13:27', '174.00'),
  (81, 18, 13, '2016-02-20 00:28:32', '193.00'),
  (82, 18, 13, '2016-02-20 01:01:55', '196.00'),
  (83, 18, 13, '2016-02-20 01:50:39', '199.00'),
  (84, 18, 14, '2016-02-19 23:50:11', '125.00'),
  (85, 18, 14, '2016-02-20 00:29:16', '159.00'),
  (86, 18, 14, '2016-02-20 00:34:28', '191.00'),
  (87, 18, 14, '2016-02-20 00:46:27', '196.00'),
  (88, 18, 14, '2016-02-20 01:32:46', '199.00'),
  (89, 18, 14, '2016-02-20 01:45:39', '199.00'),
  (90, 18, 14, '2016-02-20 01:46:05', '199.00'),
  (91, 18, 14, '2016-02-20 01:49:43', '199.00'),
  (92, 18, 14, '2016-02-20 01:50:46', '199.00'),
  (93, 18, 14, '2016-02-20 01:51:13', '199.00'),
  (94, 18, 14, '2016-02-20 01:53:10', '200.00'),
  (95, 18, 14, '2016-02-20 01:54:04', '200.00'),
  (96, 18, 15, '2016-02-19 15:45:07', '189.00'),
  (97, 18, 15, '2016-02-19 19:49:27', '191.00'),
  (98, 18, 15, '2016-02-20 01:09:31', '197.00'),
  (99, 18, 15, '2016-02-20 01:10:43', '197.00'),
  (100, 18, 15, '2016-02-20 01:39:46', '199.00'),
  (101, 18, 15, '2016-02-20 01:49:53', '199.00'),
  (102, 18, 15, '2016-02-20 01:52:52', '199.00'),
  (103, 18, 15, '2016-02-20 01:53:02', '199.00'),
  (104, 18, 15, '2016-02-20 01:54:11', '200.00'),
  (105, 18, 15, '2016-02-20 01:54:12', '200.00'),
  (106, 18, 15, '2016-02-20 01:54:13', '200.00'),
  (107, 18, 15, '2016-02-20 01:54:14', '200.00'),
  (108, 18, 15, '2016-02-20 01:54:14', '200.00'),
  (109, 18, 16, '2016-02-17 18:17:45', '35.00'),
  (110, 18, 16, '2016-02-17 23:14:39', '109.00'),
  (111, 18, 16, '2016-02-18 11:01:10', '161.00'),
  (112, 18, 16, '2016-02-18 21:14:15', '183.00'),
  (113, 18, 16, '2016-02-19 18:41:45', '198.00'),
  (114, 18, 16, '2016-02-19 21:15:01', '199.00'),
  (115, 18, 16, '2016-02-19 23:47:25', '199.00'),
  (116, 19, 17, '2016-02-19 02:11:42', '132.00'),
  (117, 19, 17, '2016-02-19 09:42:28', '193.00'),
  (118, 19, 17, '2016-02-19 20:39:56', '198.00'),
  (119, 19, 17, '2016-02-19 23:42:48', '199.00'),
  (120, 19, 17, '2016-02-20 01:25:10', '199.00'),
  (121, 20, 18, '2016-02-18 07:58:12', '179.00'),
  (122, 22, 20, '2016-02-19 00:53:25', '67.00'),
  (123, 22, 20, '2016-02-19 23:13:41', '87.00'),
  (124, 22, 20, '2016-02-19 23:35:42', '116.00'),
  (125, 22, 20, '2016-02-20 00:18:04', '162.00'),
  (126, 22, 20, '2016-02-20 01:01:53', '196.00'),
  (127, 22, 20, '2016-02-20 01:33:48', '197.00'),
  (128, 22, 20, '2016-02-20 01:52:13', '198.00'),
  (129, 22, 20, '2016-02-20 01:53:18', '199.00'),
  (130, 22, 20, '2016-02-20 01:53:57', '199.00'),
  (131, 22, 20, '2016-02-20 01:54:09', '199.00'),
  (132, 22, 20, '2016-02-20 01:54:11', '200.00'),
  (133, 22, 20, '2016-02-20 01:54:14', '200.00'),
  (134, 22, 20, '2016-02-20 01:54:14', '200.00'),
  (135, 23, 21, '2016-02-18 17:39:35', '117.00'),
  (136, 23, 21, '2016-02-19 08:48:50', '198.00'),
  (137, 23, 21, '2016-02-19 15:34:41', '199.00'),
  (138, 23, 21, '2016-02-19 18:28:12', '199.00'),
  (139, 23, 21, '2016-02-19 23:45:23', '200.00'),
  (140, 23, 21, '2016-02-20 00:12:58', '200.00'),
  (141, 23, 21, '2016-02-20 01:20:25', '200.00'),
  (142, 23, 21, '2016-02-20 01:26:35', '200.00'),
  (143, 23, 21, '2016-02-20 01:41:44', '200.00'),
  (144, 23, 21, '2016-02-20 01:47:10', '200.00'),
  (145, 23, 21, '2016-02-20 01:48:38', '200.00'),
  (146, 23, 21, '2016-02-20 01:54:04', '200.00'),
  (147, 23, 21, '2016-02-20 01:54:12', '200.00'),
  (148, 25, 23, '2016-02-18 23:20:57', '169.00'),
  (149, 25, 23, '2016-02-19 19:55:43', '179.00'),
  (150, 25, 23, '2016-02-20 01:27:14', '190.00'),
  (151, 25, 23, '2016-02-20 01:51:28', '191.00'),
  (152, 25, 23, '2016-02-20 01:52:49', '195.00'),
  (153, 25, 23, '2016-02-20 01:53:58', '197.00'),
  (154, 25, 23, '2016-02-20 01:54:06', '198.00'),
  (155, 25, 23, '2016-02-20 01:54:16', '198.00'),
  (156, 25, 23, '2016-02-20 01:54:16', '198.00'),
  (157, 25, 23, '2016-02-20 01:54:16', '198.00'),
  (158, 25, 23, '2016-02-20 01:54:16', '199.00'),
  (159, 25, 23, '2016-02-20 01:54:16', '199.00'),
  (160, 25, 23, '2016-02-20 01:54:16', '199.00'),
  (161, 25, 23, '2016-02-20 01:54:16', '200.00'),
  (162, 25, 23, '2016-02-20 01:54:16', '200.00'),
  (163, 25, 24, '2016-02-20 00:37:20', '88.00'),
  (164, 25, 24, '2016-02-20 00:42:49', '190.00'),
  (165, 25, 24, '2016-02-20 01:33:35', '194.00'),
  (166, 25, 24, '2016-02-20 01:41:09', '199.00'),
  (167, 25, 24, '2016-02-20 01:42:02', '199.00'),
  (168, 25, 24, '2016-02-20 01:45:02', '199.00'),
  (169, 25, 24, '2016-02-20 01:52:10', '199.00'),
  (170, 25, 25, '2016-02-19 18:29:29', '152.00'),
  (171, 25, 25, '2016-02-19 23:24:03', '197.00'),
  (172, 25, 25, '2016-02-20 00:00:47', '199.00'),
  (173, 25, 25, '2016-02-20 00:33:01', '199.00'),
  (174, 25, 25, '2016-02-20 01:42:16', '199.00'),
  (175, 25, 25, '2016-02-20 01:51:08', '199.00'),
  (176, 29, 26, '2016-02-19 05:38:06', '134.00'),
  (177, 29, 26, '2016-02-19 20:53:23', '148.00'),
  (178, 29, 26, '2016-02-20 01:01:11', '186.00'),
  (179, 29, 26, '2016-02-20 01:23:40', '195.00'),
  (180, 29, 26, '2016-02-20 01:39:18', '195.00'),
  (181, 29, 26, '2016-02-20 01:51:54', '199.00'),
  (182, 29, 26, '2016-02-20 01:52:46', '199.00'),
  (183, 29, 26, '2016-02-20 01:53:09', '199.00'),
  (184, 29, 26, '2016-02-20 01:54:06', '199.00'),
  (185, 29, 26, '2016-02-20 01:54:14', '200.00'),
  (186, 29, 26, '2016-02-20 01:54:16', '200.00'),
  (187, 29, 26, '2016-02-20 01:54:17', '200.00'),
  (188, 29, 26, '2016-02-20 01:54:17', '200.00'),
  (189, 29, 26, '2016-02-20 01:54:17', '200.00'),
  (190, 29, 26, '2016-02-20 01:54:17', '200.00'),
  (191, 29, 27, '2016-02-19 11:10:01', '50.00'),
  (192, 29, 27, '2016-02-19 23:17:33', '118.00'),
  (193, 29, 27, '2016-02-20 00:20:57', '121.00'),
  (194, 29, 27, '2016-02-20 00:33:53', '130.00'),
  (195, 29, 27, '2016-02-20 00:36:01', '134.00'),
  (196, 29, 27, '2016-02-20 01:46:53', '196.00'),
  (197, 29, 27, '2016-02-20 01:53:28', '199.00'),
  (198, 29, 27, '2016-02-20 01:54:12', '199.00'),
  (199, 29, 27, '2016-02-20 01:54:13', '199.00'),
  (200, 29, 27, '2016-02-20 01:54:17', '199.00'),
  (201, 29, 28, '2016-02-18 15:13:45', '131.00'),
  (202, 29, 28, '2016-02-19 17:08:59', '150.00'),
  (203, 29, 28, '2016-02-19 21:25:28', '187.00'),
  (204, 29, 28, '2016-02-19 21:37:26', '192.00'),
  (205, 29, 28, '2016-02-20 01:00:18', '196.00'),
  (206, 29, 28, '2016-02-20 01:02:13', '199.00'),
  (207, 29, 28, '2016-02-20 01:21:41', '199.00'),
  (208, 29, 28, '2016-02-20 01:47:56', '199.00'),
  (209, 29, 28, '2016-02-20 01:54:04', '199.00'),
  (210, 33, 29, '2016-02-17 19:13:59', '137.00'),
  (211, 33, 29, '2016-02-19 03:21:12', '142.00'),
  (212, 33, 29, '2016-02-19 21:08:09', '175.00'),
  (213, 33, 29, '2016-02-19 22:04:47', '177.00'),
  (214, 33, 29, '2016-02-19 22:21:36', '190.00'),
  (215, 33, 29, '2016-02-20 01:09:38', '194.00'),
  (216, 33, 29, '2016-02-20 01:36:55', '198.00'),
  (217, 33, 29, '2016-02-20 01:41:36', '199.00'),
  (218, 33, 29, '2016-02-20 01:43:31', '199.00'),
  (219, 33, 29, '2016-02-20 01:48:03', '199.00'),
  (220, 33, 29, '2016-02-20 01:52:29', '199.00'),
  (221, 34, 30, '2016-02-19 22:53:39', '102.00'),
  (222, 34, 30, '2016-02-19 23:44:14', '102.00'),
  (223, 34, 30, '2016-02-20 00:40:35', '137.00'),
  (224, 34, 30, '2016-02-20 01:40:05', '145.00'),
  (225, 34, 30, '2016-02-20 01:50:48', '175.00'),
  (226, 34, 30, '2016-02-20 01:51:37', '196.00'),
  (227, 34, 30, '2016-02-20 01:51:52', '198.00'),
  (228, 34, 30, '2016-02-20 01:52:56', '199.00'),
  (229, 34, 30, '2016-02-20 01:53:30', '199.00'),
  (230, 34, 30, '2016-02-20 01:54:19', '199.00'),
  (231, 34, 31, '2016-02-18 21:19:59', '177.00'),
  (232, 34, 31, '2016-02-19 21:06:01', '192.00'),
  (233, 34, 31, '2016-02-19 21:19:55', '194.00'),
  (234, 34, 31, '2016-02-20 01:31:27', '195.00'),
  (235, 34, 31, '2016-02-20 01:53:55', '199.00'),
  (236, 34, 31, '2016-02-20 01:54:02', '199.00'),
  (237, 34, 31, '2016-02-20 01:54:06', '199.00'),
  (238, 34, 31, '2016-02-20 01:54:16', '199.00'),
  (239, 34, 31, '2016-02-20 01:54:17', '199.00'),
  (240, 34, 31, '2016-02-20 01:54:17', '199.00'),
  (241, 34, 32, '2016-02-19 18:42:35', '187.00'),
  (242, 34, 32, '2016-02-20 01:24:07', '190.00'),
  (243, 34, 32, '2016-02-20 01:40:01', '192.00'),
  (244, 34, 32, '2016-02-20 01:45:50', '196.00'),
  (245, 34, 32, '2016-02-20 01:50:52', '199.00'),
  (246, 34, 32, '2016-02-20 01:52:59', '199.00'),
  (247, 34, 32, '2016-02-20 01:53:43', '200.00'),
  (248, 34, 32, '2016-02-20 01:53:48', '200.00'),
  (249, 34, 32, '2016-02-20 01:53:58', '200.00'),
  (250, 34, 32, '2016-02-20 01:54:17', '200.00'),
  (251, 34, 32, '2016-02-20 01:54:18', '200.00'),
  (252, 34, 32, '2016-02-20 01:54:19', '200.00'),
  (253, 34, 32, '2016-02-20 01:54:19', '200.00'),
  (254, 34, 33, '2016-02-19 18:03:33', '136.00'),
  (255, 34, 33, '2016-02-20 00:22:49', '147.00'),
  (256, 34, 33, '2016-02-20 01:33:41', '171.00'),
  (257, 34, 33, '2016-02-20 01:50:18', '189.00'),
  (258, 34, 33, '2016-02-20 01:51:51', '197.00'),
  (259, 34, 33, '2016-02-20 01:52:40', '198.00'),
  (260, 34, 33, '2016-02-20 01:52:51', '199.00'),
  (261, 34, 33, '2016-02-20 01:53:08', '199.00'),
  (262, 34, 33, '2016-02-20 01:53:10', '199.00'),
  (263, 34, 33, '2016-02-20 01:54:13', '199.00'),
  (264, 34, 33, '2016-02-20 01:54:14', '199.00'),
  (265, 34, 33, '2016-02-20 01:54:18', '200.00'),
  (266, 34, 33, '2016-02-20 01:54:18', '200.00'),
  (267, 36, 34, '2016-02-18 07:50:40', '141.00'),
  (268, 36, 34, '2016-02-18 18:46:26', '148.00'),
  (269, 36, 34, '2016-02-19 06:35:29', '184.00'),
  (270, 36, 34, '2016-02-19 19:09:03', '197.00'),
  (271, 36, 35, '2016-02-19 04:40:02', '118.00'),
  (272, 36, 35, '2016-02-19 13:22:29', '169.00'),
  (273, 36, 35, '2016-02-20 01:15:25', '192.00'),
  (274, 36, 35, '2016-02-20 01:38:11', '193.00'),
  (275, 36, 35, '2016-02-20 01:46:47', '199.00'),
  (276, 36, 35, '2016-02-20 01:50:38', '199.00'),
  (277, 36, 35, '2016-02-20 01:54:16', '199.00'),
  (278, 36, 37, '2016-02-18 14:02:59', '34.00'),
  (279, 36, 37, '2016-02-19 20:08:13', '195.00'),
  (280, 36, 37, '2016-02-20 01:09:07', '195.00'),
  (281, 36, 37, '2016-02-20 01:52:21', '199.00'),
  (282, 37, 38, '2016-02-19 23:55:08', '74.00'),
  (283, 37, 38, '2016-02-20 01:04:38', '193.00'),
  (284, 37, 38, '2016-02-20 01:39:50', '195.00'),
  (285, 37, 38, '2016-02-20 01:41:45', '199.00'),
  (286, 37, 38, '2016-02-20 01:43:36', '199.00'),
  (287, 37, 38, '2016-02-20 01:49:01', '199.00'),
  (288, 37, 38, '2016-02-20 01:53:05', '200.00'),
  (289, 37, 38, '2016-02-20 01:53:48', '200.00'),
  (290, 40, 39, '2016-02-19 05:42:16', '163.00'),
  (291, 40, 39, '2016-02-19 13:51:48', '184.00'),
  (292, 40, 39, '2016-02-19 15:09:16', '199.00'),
  (293, 40, 39, '2016-02-19 20:05:22', '199.00'),
  (294, 40, 39, '2016-02-19 22:05:52', '200.00'),
  (295, 40, 39, '2016-02-20 00:35:01', '200.00'),
  (296, 40, 39, '2016-02-20 01:15:26', '200.00'),
  (297, 40, 39, '2016-02-20 01:49:06', '200.00'),
  (298, 40, 41, '2016-02-19 10:01:41', '125.00'),
  (299, 40, 41, '2016-02-19 15:02:56', '188.00'),
  (300, 40, 41, '2016-02-19 15:25:31', '195.00'),
  (301, 40, 41, '2016-02-19 22:06:16', '197.00'),
  (302, 41, 42, '2016-02-19 03:15:26', '107.00'),
  (303, 41, 42, '2016-02-19 11:01:57', '183.00'),
  (304, 41, 43, '2016-02-17 20:09:17', '147.00'),
  (305, 41, 43, '2016-02-17 23:35:44', '182.00'),
  (306, 41, 43, '2016-02-18 08:13:07', '189.00'),
  (307, 41, 43, '2016-02-19 02:16:35', '191.00'),
  (308, 41, 43, '2016-02-19 14:48:47', '193.00'),
  (309, 41, 43, '2016-02-19 21:35:25', '195.00'),
  (310, 41, 43, '2016-02-19 22:30:07', '196.00'),
  (311, 41, 43, '2016-02-20 00:38:26', '199.00'),
  (312, 41, 43, '2016-02-20 00:50:51', '199.00'),
  (313, 41, 43, '2016-02-20 01:29:54', '199.00'),
  (314, 41, 43, '2016-02-20 01:44:12', '199.00'),
  (315, 41, 43, '2016-02-20 01:44:25', '199.00'),
  (316, 41, 43, '2016-02-20 01:47:44', '199.00'),
  (317, 41, 43, '2016-02-20 01:50:49', '200.00'),
  (318, 41, 43, '2016-02-20 01:51:42', '200.00'),
  (319, 43, 47, '2016-02-19 07:46:19', '177.00'),
  (320, 43, 47, '2016-02-20 01:29:52', '186.00'),
  (321, 43, 47, '2016-02-20 01:50:39', '186.00'),
  (322, 43, 47, '2016-02-20 01:51:09', '196.00'),
  (323, 43, 47, '2016-02-20 01:52:50', '196.00'),
  (324, 43, 47, '2016-02-20 01:53:34', '197.00'),
  (325, 43, 47, '2016-02-20 01:53:51', '199.00'),
  (326, 43, 47, '2016-02-20 01:53:58', '199.00'),
  (327, 43, 47, '2016-02-20 01:54:21', '199.00'),
  (328, 43, 47, '2016-02-20 01:54:21', '199.00'),
  (329, 43, 47, '2016-02-20 01:54:21', '199.00'),
  (330, 43, 47, '2016-02-20 01:54:21', '199.00'),
  (331, 43, 47, '2016-02-20 01:54:21', '199.00'),
  (332, 43, 47, '2016-02-20 01:54:21', '199.00'),
  (333, 43, 48, '2016-02-17 23:03:32', '68.00'),
  (334, 43, 48, '2016-02-19 21:56:04', '187.00'),
  (335, 43, 48, '2016-02-19 23:22:35', '190.00'),
  (336, 43, 48, '2016-02-20 00:12:19', '196.00'),
  (337, 43, 48, '2016-02-20 00:58:20', '199.00'),
  (338, 43, 48, '2016-02-20 01:19:56', '199.00'),
  (339, 43, 48, '2016-02-20 01:52:32', '199.00'),
  (340, 43, 49, '2016-02-19 23:24:55', '114.00'),
  (341, 43, 49, '2016-02-19 23:43:42', '173.00'),
  (342, 43, 49, '2016-02-20 00:10:54', '189.00'),
  (343, 43, 49, '2016-02-20 00:54:27', '199.00'),
  (344, 43, 49, '2016-02-20 01:51:51', '199.00'),
  (345, 43, 49, '2016-02-20 01:53:13', '199.00'),
  (346, 43, 49, '2016-02-20 01:54:13', '199.00'),
  (347, 43, 49, '2016-02-20 01:54:21', '199.00'),
  (348, 43, 49, '2016-02-20 01:54:21', '199.00'),
  (349, 43, 49, '2016-02-20 01:54:21', '200.00'),
  (350, 43, 49, '2016-02-20 01:54:21', '200.00'),
  (351, 43, 50, '2016-02-19 17:37:22', '133.00'),
  (352, 43, 50, '2016-02-19 23:10:30', '147.00'),
  (353, 43, 50, '2016-02-20 00:03:15', '175.00'),
  (354, 43, 50, '2016-02-20 01:27:52', '194.00'),
  (355, 43, 50, '2016-02-20 01:39:22', '197.00'),
  (356, 43, 50, '2016-02-20 01:41:26', '198.00'),
  (357, 43, 50, '2016-02-20 01:51:30', '198.00'),
  (358, 43, 50, '2016-02-20 01:53:43', '199.00'),
  (359, 43, 50, '2016-02-20 01:53:52', '199.00'),
  (360, 43, 50, '2016-02-20 01:54:06', '199.00'),
  (361, 44, 51, '2016-02-19 13:59:08', '139.00'),
  (362, 44, 51, '2016-02-19 18:31:39', '140.00'),
  (363, 44, 51, '2016-02-20 01:30:04', '172.00'),
  (364, 44, 51, '2016-02-20 01:30:30', '191.00'),
  (365, 44, 51, '2016-02-20 01:35:47', '191.00'),
  (366, 44, 52, '2016-02-19 19:09:34', '64.00'),
  (367, 44, 52, '2016-02-19 22:15:56', '114.00'),
  (368, 44, 52, '2016-02-19 23:43:55', '153.00'),
  (369, 47, 53, '2016-02-19 12:28:59', '164.00'),
  (370, 47, 53, '2016-02-19 13:40:14', '199.00'),
  (371, 47, 53, '2016-02-19 14:27:17', '199.00'),
  (372, 47, 53, '2016-02-20 00:27:39', '199.00'),
  (373, 47, 53, '2016-02-20 01:28:14', '199.00'),
  (374, 47, 53, '2016-02-20 01:48:53', '199.00'),
  (375, 47, 53, '2016-02-20 01:52:55', '199.00'),
  (376, 47, 54, '2016-02-17 14:49:34', '156.00'),
  (377, 47, 54, '2016-02-17 22:16:10', '170.00'),
  (378, 47, 54, '2016-02-18 10:28:02', '194.00'),
  (379, 47, 54, '2016-02-20 00:44:03', '194.00'),
  (380, 47, 54, '2016-02-20 01:24:36', '195.00'),
  (381, 47, 54, '2016-02-20 01:27:11', '197.00'),
  (382, 47, 54, '2016-02-20 01:44:24', '197.00'),
  (383, 47, 54, '2016-02-20 01:54:07', '199.00'),
  (384, 47, 54, '2016-02-20 01:54:16', '199.00'),
  (385, 47, 54, '2016-02-20 01:54:18', '199.00'),
  (386, 47, 54, '2016-02-20 01:54:22', '199.00'),
  (387, 47, 54, '2016-02-20 01:54:22', '199.00'),
  (388, 47, 55, '2016-02-19 03:39:39', '191.00'),
  (389, 47, 55, '2016-02-19 23:50:54', '198.00'),
  (390, 47, 55, '2016-02-20 00:28:43', '198.00'),
  (391, 47, 55, '2016-02-20 01:31:00', '199.00'),
  (392, 47, 55, '2016-02-20 01:40:07', '199.00'),
  (393, 47, 55, '2016-02-20 01:47:46', '199.00'),
  (394, 47, 55, '2016-02-20 01:50:35', '200.00'),
  (395, 47, 55, '2016-02-20 01:51:07', '200.00'),
  (396, 47, 55, '2016-02-20 01:51:52', '200.00'),
  (397, 47, 55, '2016-02-20 01:53:26', '200.00'),
  (398, 47, 55, '2016-02-20 01:53:31', '200.00'),
  (399, 47, 55, '2016-02-20 01:53:54', '200.00'),
  (400, 47, 55, '2016-02-20 01:54:09', '200.00'),
  (401, 47, 56, '2016-02-19 03:28:27', '122.00'),
  (402, 47, 56, '2016-02-19 12:54:25', '172.00'),
  (403, 47, 56, '2016-02-19 17:23:09', '195.00'),
  (404, 47, 56, '2016-02-19 18:47:27', '196.00'),
  (405, 47, 56, '2016-02-19 23:46:16', '198.00'),
  (406, 47, 56, '2016-02-20 01:53:02', '199.00'),
  (407, 47, 57, '2016-02-19 00:36:57', '160.00'),
  (408, 47, 57, '2016-02-19 12:45:25', '185.00'),
  (409, 47, 57, '2016-02-19 20:06:07', '195.00'),
  (410, 47, 57, '2016-02-19 20:14:14', '197.00'),
  (411, 47, 57, '2016-02-19 22:48:36', '197.00'),
  (412, 47, 57, '2016-02-19 23:14:09', '199.00'),
  (413, 49, 59, '2016-02-18 03:10:47', '43.00'),
  (414, 49, 59, '2016-02-19 16:04:23', '170.00'),
  (415, 49, 59, '2016-02-19 17:28:01', '175.00'),
  (416, 49, 59, '2016-02-20 00:29:53', '197.00'),
  (417, 49, 59, '2016-02-20 00:52:20', '197.00'),
  (418, 49, 59, '2016-02-20 01:36:44', '198.00'),
  (419, 49, 60, '2016-02-18 15:57:47', '162.00'),
  (420, 49, 60, '2016-02-18 16:45:49', '174.00'),
  (421, 49, 60, '2016-02-18 18:17:40', '196.00'),
  (422, 49, 60, '2016-02-18 18:48:44', '199.00'),
  (423, 49, 60, '2016-02-19 22:59:50', '199.00'),
  (424, 49, 60, '2016-02-20 01:48:13', '199.00'),
  (425, 49, 60, '2016-02-20 01:54:11', '199.00'),
  (426, 49, 60, '2016-02-20 01:54:14', '199.00'),
  (427, 49, 60, '2016-02-20 01:54:17', '200.00'),
  (428, 49, 60, '2016-02-20 01:54:21', '200.00'),
  (429, 49, 60, '2016-02-20 01:54:21', '200.00'),
  (430, 49, 60, '2016-02-20 01:54:23', '200.00'),
  (431, 49, 60, '2016-02-20 01:54:23', '200.00'),
  (432, 49, 60, '2016-02-20 01:54:23', '200.00'),
  (433, 49, 60, '2016-02-20 01:54:23', '200.00'),
  (434, 49, 61, '2016-02-19 21:10:58', '56.00'),
  (435, 55, 65, '2016-02-19 11:39:39', '98.00'),
  (436, 55, 65, '2016-02-19 21:36:13', '157.00'),
  (437, 55, 65, '2016-02-19 23:35:33', '171.00'),
  (438, 55, 65, '2016-02-19 23:57:28', '187.00'),
  (439, 55, 65, '2016-02-20 01:03:48', '199.00'),
  (440, 55, 65, '2016-02-20 01:53:00', '199.00'),
  (441, 55, 65, '2016-02-20 01:53:25', '199.00'),
  (442, 55, 65, '2016-02-20 01:53:53', '199.00'),
  (443, 55, 66, '2016-02-18 08:44:37', '30.00'),
  (444, 55, 66, '2016-02-18 13:44:01', '45.00'),
  (445, 55, 66, '2016-02-19 19:46:57', '49.00'),
  (446, 55, 66, '2016-02-19 22:10:00', '193.00'),
  (447, 55, 66, '2016-02-19 22:25:06', '195.00'),
  (448, 55, 66, '2016-02-19 23:54:46', '197.00'),
  (449, 55, 66, '2016-02-20 00:20:41', '197.00'),
  (450, 55, 66, '2016-02-20 00:42:23', '198.00'),
  (451, 55, 66, '2016-02-20 01:30:51', '198.00'),
  (452, 55, 66, '2016-02-20 01:45:56', '199.00'),
  (453, 56, 67, '2016-02-16 19:26:40', '122.00'),
  (454, 56, 67, '2016-02-19 13:12:52', '166.00'),
  (455, 56, 67, '2016-02-19 23:56:49', '199.00'),
  (456, 56, 67, '2016-02-20 01:19:23', '199.00'),
  (457, 56, 68, '2016-02-19 02:27:36', '80.00'),
  (458, 56, 68, '2016-02-19 11:37:16', '143.00'),
  (459, 56, 68, '2016-02-19 11:53:48', '147.00'),
  (460, 56, 68, '2016-02-19 23:12:29', '191.00'),
  (461, 56, 68, '2016-02-20 01:01:59', '191.00'),
  (462, 56, 68, '2016-02-20 01:22:11', '192.00'),
  (463, 56, 68, '2016-02-20 01:50:45', '199.00'),
  (464, 56, 68, '2016-02-20 01:52:29', '199.00'),
  (465, 56, 68, '2016-02-20 01:54:08', '199.00'),
  (466, 56, 68, '2016-02-20 01:54:16', '199.00'),
  (467, 56, 68, '2016-02-20 01:54:19', '199.00'),
  (468, 56, 68, '2016-02-20 01:54:19', '200.00'),
  (469, 56, 68, '2016-02-20 01:54:20', '200.00'),
  (470, 56, 69, '2016-02-16 19:54:17', '146.00'),
  (471, 56, 69, '2016-02-17 09:48:33', '173.00'),
  (472, 56, 70, '2016-02-17 17:53:35', '79.00'),
  (473, 57, 71, '2016-02-19 03:11:55', '195.00'),
  (474, 57, 71, '2016-02-19 14:41:05', '199.00'),
  (475, 57, 71, '2016-02-20 01:37:59', '199.00'),
  (476, 57, 72, '2016-02-18 20:35:13', '105.00'),
  (477, 57, 72, '2016-02-19 22:17:05', '187.00'),
  (478, 57, 72, '2016-02-20 00:16:23', '199.00'),
  (479, 57, 72, '2016-02-20 01:09:13', '199.00'),
  (480, 57, 72, '2016-02-20 01:54:05', '199.00'),
  (481, 57, 72, '2016-02-20 01:54:25', '199.00'),
  (482, 57, 72, '2016-02-20 01:54:25', '199.00'),
  (483, 57, 72, '2016-02-20 01:54:25', '199.00'),
  (484, 57, 73, '2016-02-17 11:34:45', '199.00'),
  (485, 57, 73, '2016-02-19 05:11:35', '199.00'),
  (486, 57, 73, '2016-02-19 07:34:44', '199.00'),
  (487, 57, 73, '2016-02-19 14:47:30', '200.00'),
  (488, 57, 73, '2016-02-19 18:04:39', '200.00'),
  (489, 57, 73, '2016-02-19 20:59:26', '200.00'),
  (490, 57, 73, '2016-02-19 23:12:08', '200.00'),
  (491, 57, 73, '2016-02-20 01:42:31', '200.00'),
  (492, 57, 73, '2016-02-20 01:47:32', '200.00'),
  (493, 57, 73, '2016-02-20 01:51:38', '200.00'),
  (494, 57, 73, '2016-02-20 01:52:38', '200.00'),
  (495, 57, 73, '2016-02-20 01:52:45', '200.00'),
  (496, 57, 73, '2016-02-20 01:52:51', '200.00'),
  (497, 57, 73, '2016-02-20 01:54:16', '200.00'),
  (498, 57, 74, '2016-02-19 06:18:25', '126.00'),
  (499, 57, 74, '2016-02-19 21:35:07', '147.00'),
  (500, 57, 74, '2016-02-19 21:44:46', '192.00'),
  (501, 57, 74, '2016-02-19 22:58:00', '194.00'),
  (502, 57, 74, '2016-02-20 01:03:32', '197.00'),
  (503, 57, 74, '2016-02-20 01:03:41', '199.00'),
  (504, 57, 74, '2016-02-20 01:04:21', '199.00'),
  (505, 60, 76, '2016-02-19 00:11:12', '53.00'),
  (506, 60, 76, '2016-02-19 06:31:26', '164.00'),
  (507, 60, 76, '2016-02-19 18:04:21', '174.00'),
  (508, 60, 76, '2016-02-19 19:22:35', '178.00'),
  (509, 60, 76, '2016-02-19 20:26:28', '197.00'),
  (510, 60, 76, '2016-02-20 01:33:17', '199.00'),
  (511, 60, 76, '2016-02-20 01:50:05', '199.00'),
  (512, 60, 76, '2016-02-20 01:53:52', '199.00'),
  (513, 60, 76, '2016-02-20 01:54:08', '199.00'),
  (514, 60, 76, '2016-02-20 01:54:15', '199.00'),
  (515, 60, 76, '2016-02-20 01:54:20', '199.00'),
  (516, 60, 76, '2016-02-20 01:54:20', '200.00'),
  (517, 60, 76, '2016-02-20 01:54:25', '200.00'),
  (518, 60, 76, '2016-02-20 01:54:27', '200.00'),
  (519, 60, 76, '2016-02-20 01:54:27', '200.00'),
  (520, 60, 77, '2016-02-18 09:15:53', '179.00'),
  (521, 60, 78, '2016-02-19 03:00:30', '147.00'),
  (522, 60, 78, '2016-02-19 10:15:32', '191.00'),
  (523, 60, 78, '2016-02-19 16:08:48', '196.00'),
  (524, 60, 78, '2016-02-19 21:17:03', '199.00'),
  (525, 60, 78, '2016-02-19 23:47:15', '199.00'),
  (526, 60, 78, '2016-02-20 00:51:32', '199.00'),
  (527, 60, 78, '2016-02-20 01:09:28', '199.00'),
  (528, 63, 79, '2016-02-15 20:56:40', '104.00'),
  (529, 63, 79, '2016-02-19 18:47:06', '133.00'),
  (530, 63, 79, '2016-02-19 23:23:09', '149.00'),
  (531, 63, 79, '2016-02-20 00:45:15', '165.00'),
  (532, 63, 79, '2016-02-20 01:20:55', '182.00'),
  (533, 63, 79, '2016-02-20 01:30:27', '192.00'),
  (534, 63, 80, '2016-02-18 07:22:25', '77.00'),
  (535, 63, 80, '2016-02-18 10:54:51', '141.00'),
  (536, 63, 80, '2016-02-19 22:31:43', '167.00'),
  (537, 63, 80, '2016-02-20 00:48:08', '185.00'),
  (538, 63, 80, '2016-02-20 01:52:10', '198.00'),
  (539, 63, 80, '2016-02-20 01:54:15', '198.00'),
  (540, 63, 81, '2016-02-19 10:23:23', '174.00'),
  (541, 63, 81, '2016-02-20 01:27:25', '195.00'),
  (542, 63, 81, '2016-02-20 01:42:11', '199.00'),
  (543, 63, 81, '2016-02-20 01:48:47', '199.00'),
  (544, 63, 81, '2016-02-20 01:51:08', '199.00'),
  (545, 64, 82, '2016-02-18 18:40:23', '173.00'),
  (546, 64, 82, '2016-02-19 13:23:21', '199.00'),
  (547, 64, 82, '2016-02-19 17:32:53', '199.00'),
  (548, 64, 82, '2016-02-19 23:48:07', '199.00'),
  (549, 64, 82, '2016-02-20 01:00:59', '200.00'),
  (550, 64, 82, '2016-02-20 01:04:51', '200.00'),
  (551, 64, 82, '2016-02-20 01:40:31', '200.00'),
  (552, 64, 82, '2016-02-20 01:43:59', '200.00'),
  (553, 64, 82, '2016-02-20 01:50:46', '200.00'),
  (554, 64, 82, '2016-02-20 01:52:07', '200.00'),
  (555, 64, 82, '2016-02-20 01:52:32', '200.00'),
  (556, 64, 82, '2016-02-20 01:53:59', '200.00'),
  (557, 64, 83, '2016-02-19 08:58:36', '89.00'),
  (558, 64, 83, '2016-02-19 21:49:54', '169.00'),
  (559, 64, 83, '2016-02-20 01:06:50', '191.00'),
  (560, 64, 83, '2016-02-20 01:39:26', '193.00'),
  (561, 64, 83, '2016-02-20 01:39:40', '194.00'),
  (562, 64, 83, '2016-02-20 01:48:40', '197.00'),
  (563, 64, 83, '2016-02-20 01:50:08', '198.00'),
  (564, 64, 83, '2016-02-20 01:53:33', '199.00'),
  (565, 64, 83, '2016-02-20 01:54:07', '199.00'),
  (566, 64, 83, '2016-02-20 01:54:22', '199.00'),
  (567, 66, 84, '2016-02-19 00:29:51', '75.00'),
  (568, 66, 84, '2016-02-19 11:58:52', '148.00'),
  (569, 66, 84, '2016-02-19 17:56:59', '163.00'),
  (570, 66, 84, '2016-02-20 01:17:50', '165.00'),
  (571, 66, 84, '2016-02-20 01:47:32', '187.00'),
  (572, 66, 85, '2016-02-18 21:05:17', '94.00'),
  (573, 66, 85, '2016-02-19 18:51:29', '158.00'),
  (574, 67, 86, '2016-02-19 20:56:19', '52.00'),
  (575, 67, 86, '2016-02-19 21:52:04', '173.00'),
  (576, 67, 86, '2016-02-20 01:36:18', '182.00'),
  (577, 67, 86, '2016-02-20 01:39:13', '193.00'),
  (578, 67, 86, '2016-02-20 01:48:27', '194.00'),
  (579, 67, 86, '2016-02-20 01:50:39', '195.00'),
  (580, 67, 86, '2016-02-20 01:50:42', '198.00'),
  (581, 67, 87, '2016-02-18 01:59:58', '194.00'),
  (582, 67, 87, '2016-02-19 10:09:32', '198.00'),
  (583, 67, 87, '2016-02-19 16:56:21', '199.00'),
  (584, 67, 87, '2016-02-19 22:28:08', '199.00'),
  (585, 67, 87, '2016-02-19 22:34:27', '199.00'),
  (586, 67, 87, '2016-02-19 23:21:45', '199.00'),
  (587, 68, 88, '2016-02-19 20:37:59', '140.00'),
  (588, 68, 88, '2016-02-20 00:23:59', '143.00'),
  (589, 68, 88, '2016-02-20 01:06:29', '199.00'),
  (590, 68, 88, '2016-02-20 01:16:41', '200.00'),
  (591, 68, 88, '2016-02-20 01:29:04', '200.00'),
  (592, 68, 88, '2016-02-20 01:39:10', '200.00'),
  (593, 68, 88, '2016-02-20 01:44:19', '200.00'),
  (594, 68, 88, '2016-02-20 01:46:14', '200.00'),
  (595, 68, 88, '2016-02-20 01:48:46', '200.00'),
  (596, 68, 88, '2016-02-20 01:53:47', '200.00'),
  (597, 68, 89, '2016-02-19 10:15:28', '171.00'),
  (598, 68, 89, '2016-02-19 14:45:09', '186.00'),
  (599, 68, 89, '2016-02-19 22:29:17', '196.00'),
  (600, 68, 89, '2016-02-20 00:00:51', '199.00'),
  (601, 68, 89, '2016-02-20 01:12:43', '199.00'),
  (602, 68, 89, '2016-02-20 01:18:12', '199.00'),
  (603, 68, 89, '2016-02-20 01:21:42', '199.00'),
  (604, 68, 89, '2016-02-20 01:26:10', '199.00'),
  (605, 68, 89, '2016-02-20 01:52:51', '199.00'),
  (606, 68, 89, '2016-02-20 01:53:23', '200.00'),
  (607, 68, 89, '2016-02-20 01:54:08', '200.00'),
  (608, 68, 89, '2016-02-20 01:54:08', '200.00'),
  (609, 68, 89, '2016-02-20 01:54:25', '200.00'),
  (610, 68, 89, '2016-02-20 01:54:28', '200.00'),
  (611, 68, 89, '2016-02-20 01:54:29', '200.00'),
  (612, 68, 90, '2016-02-19 13:18:05', '175.00'),
  (613, 68, 90, '2016-02-19 21:22:44', '195.00'),
  (614, 68, 90, '2016-02-19 23:28:08', '199.00'),
  (615, 68, 90, '2016-02-20 01:10:38', '199.00'),
  (616, 68, 90, '2016-02-20 01:29:24', '199.00'),
  (617, 68, 91, '2016-02-19 09:09:10', '64.00'),
  (618, 68, 91, '2016-02-19 23:35:10', '72.00'),
  (619, 68, 91, '2016-02-20 00:51:48', '182.00'),
  (620, 68, 91, '2016-02-20 00:58:15', '183.00'),
  (621, 68, 91, '2016-02-20 01:07:06', '197.00'),
  (622, 68, 91, '2016-02-20 01:41:26', '199.00'),
  (623, 68, 91, '2016-02-20 01:42:40', '199.00'),
  (624, 68, 91, '2016-02-20 01:43:39', '200.00'),
  (625, 68, 91, '2016-02-20 01:54:24', '200.00'),
  (626, 68, 91, '2016-02-20 01:54:24', '200.00'),
  (627, 68, 91, '2016-02-20 01:54:24', '200.00'),
  (628, 68, 91, '2016-02-20 01:54:25', '200.00'),
  (629, 68, 91, '2016-02-20 01:54:26', '200.00'),
  (630, 69, 92, '2016-02-18 19:51:36', '55.00'),
  (631, 69, 92, '2016-02-19 18:23:20', '96.00'),
  (632, 69, 92, '2016-02-19 23:12:13', '158.00'),
  (633, 69, 92, '2016-02-20 01:12:43', '170.00'),
  (634, 69, 92, '2016-02-20 01:52:04', '182.00'),
  (635, 69, 92, '2016-02-20 01:53:53', '188.00'),
  (636, 69, 92, '2016-02-20 01:54:10', '192.00'),
  (637, 69, 92, '2016-02-20 01:54:19', '199.00'),
  (638, 69, 92, '2016-02-20 01:54:20', '199.00'),
  (639, 69, 92, '2016-02-20 01:54:20', '199.00'),
  (640, 69, 92, '2016-02-20 01:54:28', '199.00'),
  (641, 69, 92, '2016-02-20 01:54:29', '199.00'),
  (642, 69, 92, '2016-02-20 01:54:29', '199.00'),
  (643, 69, 92, '2016-02-20 01:54:29', '200.00'),
  (644, 69, 93, '2016-02-19 18:06:13', '182.00'),
  (645, 69, 93, '2016-02-19 19:02:48', '191.00'),
  (646, 69, 93, '2016-02-19 22:59:52', '191.00'),
  (647, 69, 93, '2016-02-19 22:59:56', '195.00'),
  (648, 69, 93, '2016-02-20 00:04:37', '198.00'),
  (649, 69, 93, '2016-02-20 00:12:47', '199.00'),
  (650, 69, 93, '2016-02-20 00:16:49', '199.00'),
  (651, 69, 93, '2016-02-20 00:55:33', '199.00'),
  (652, 69, 93, '2016-02-20 01:38:17', '199.00'),
  (653, 69, 93, '2016-02-20 01:52:42', '199.00'),
  (654, 69, 93, '2016-02-20 01:52:46', '200.00'),
  (655, 71, 94, '2016-02-17 16:42:00', '112.00'),
  (656, 71, 94, '2016-02-18 06:51:42', '153.00'),
  (657, 71, 94, '2016-02-18 08:22:10', '170.00'),
  (658, 71, 94, '2016-02-19 17:18:32', '183.00'),
  (659, 71, 94, '2016-02-19 18:28:55', '186.00'),
  (660, 71, 94, '2016-02-20 01:51:50', '189.00'),
  (661, 71, 94, '2016-02-20 01:51:53', '193.00'),
  (662, 71, 94, '2016-02-20 01:54:17', '195.00'),
  (663, 71, 94, '2016-02-20 01:54:20', '199.00'),
  (664, 71, 94, '2016-02-20 01:54:27', '199.00'),
  (665, 71, 94, '2016-02-20 01:54:27', '199.00'),
  (666, 71, 94, '2016-02-20 01:54:27', '200.00'),
  (667, 71, 94, '2016-02-20 01:54:27', '200.00'),
  (668, 71, 94, '2016-02-20 01:54:28', '200.00'),
  (669, 71, 94, '2016-02-20 01:54:29', '200.00'),
  (670, 73, 96, '2016-02-18 03:34:37', '67.00'),
  (671, 73, 97, '2016-02-17 11:20:31', '117.00'),
  (672, 73, 97, '2016-02-19 08:38:40', '142.00'),
  (673, 73, 97, '2016-02-19 17:12:22', '177.00'),
  (674, 73, 97, '2016-02-19 23:36:50', '186.00'),
  (675, 73, 97, '2016-02-19 23:51:14', '189.00'),
  (676, 73, 97, '2016-02-20 00:07:57', '198.00'),
  (677, 73, 97, '2016-02-20 01:20:23', '199.00'),
  (678, 73, 98, '2016-02-16 23:35:31', '62.00'),
  (679, 73, 98, '2016-02-19 16:07:05', '103.00'),
  (680, 73, 98, '2016-02-19 17:22:10', '140.00'),
  (681, 73, 98, '2016-02-20 00:08:24', '183.00'),
  (682, 73, 98, '2016-02-20 01:33:33', '185.00'),
  (683, 73, 98, '2016-02-20 01:42:56', '189.00'),
  (684, 73, 98, '2016-02-20 01:47:18', '199.00'),
  (685, 73, 98, '2016-02-20 01:51:29', '199.00'),
  (686, 73, 98, '2016-02-20 01:52:29', '199.00'),
  (687, 73, 98, '2016-02-20 01:53:59', '199.00'),
  (688, 73, 98, '2016-02-20 01:54:00', '199.00'),
  (689, 74, 99, '2016-02-17 03:39:04', '18.00'),
  (690, 74, 99, '2016-02-19 23:25:07', '166.00'),
  (691, 74, 99, '2016-02-20 00:03:46', '168.00'),
  (692, 74, 99, '2016-02-20 01:08:33', '187.00'),
  (693, 74, 99, '2016-02-20 01:39:50', '194.00'),
  (694, 74, 99, '2016-02-20 01:47:49', '199.00'),
  (695, 74, 99, '2016-02-20 01:53:47', '199.00'),
  (696, 74, 99, '2016-02-20 01:54:26', '199.00'),
  (697, 74, 99, '2016-02-20 01:54:31', '200.00'),
  (698, 74, 99, '2016-02-20 01:54:31', '200.00'),
  (699, 74, 99, '2016-02-20 01:54:31', '200.00'),
  (700, 74, 99, '2016-02-20 01:54:31', '200.00'),
  (701, 74, 99, '2016-02-20 01:54:31', '200.00'),
  (702, 74, 100, '2016-02-16 04:28:37', '187.00'),
  (703, 74, 100, '2016-02-19 04:14:01', '189.00'),
  (704, 74, 100, '2016-02-19 05:44:01', '197.00'),
  (705, 74, 100, '2016-02-19 09:45:43', '198.00'),
  (706, 74, 100, '2016-02-19 17:48:56', '198.00'),
  (707, 74, 100, '2016-02-20 00:07:34', '198.00'),
  (708, 74, 100, '2016-02-20 01:05:25', '199.00'),
  (709, 76, 106, '2016-02-20 01:08:22', '95.00'),
  (710, 76, 106, '2016-02-20 01:20:26', '137.00'),
  (711, 76, 106, '2016-02-20 01:27:27', '139.00'),
  (712, 76, 106, '2016-02-20 01:39:00', '146.00'),
  (713, 78, 110, '2016-02-19 19:07:36', '41.00'),
  (714, 78, 110, '2016-02-20 00:43:04', '182.00'),
  (715, 78, 110, '2016-02-20 01:39:52', '195.00'),
  (716, 78, 110, '2016-02-20 01:49:28', '195.00'),
  (717, 79, 111, '2016-02-18 17:25:27', '146.00'),
  (718, 79, 111, '2016-02-19 23:10:35', '190.00'),
  (719, 79, 111, '2016-02-20 01:34:02', '196.00'),
  (720, 79, 111, '2016-02-20 01:54:19', '198.00'),
  (721, 79, 111, '2016-02-20 01:54:20', '198.00'),
  (722, 79, 111, '2016-02-20 01:54:27', '199.00'),
  (723, 79, 111, '2016-02-20 01:54:32', '199.00'),
  (724, 79, 112, '2016-02-17 17:34:41', '110.00'),
  (725, 79, 112, '2016-02-18 13:24:23', '124.00'),
  (726, 79, 112, '2016-02-19 02:03:48', '176.00'),
  (727, 79, 112, '2016-02-19 21:14:24', '178.00'),
  (728, 79, 113, '2016-02-16 01:12:09', '184.00'),
  (729, 79, 113, '2016-02-18 13:46:10', '192.00'),
  (730, 79, 113, '2016-02-19 12:18:03', '195.00'),
  (731, 79, 113, '2016-02-19 17:35:14', '195.00'),
  (732, 79, 113, '2016-02-19 18:56:23', '197.00'),
  (733, 79, 113, '2016-02-19 19:13:59', '199.00'),
  (734, 79, 113, '2016-02-19 22:54:50', '199.00'),
  (735, 79, 113, '2016-02-19 23:50:29', '199.00'),
  (736, 79, 113, '2016-02-20 01:37:29', '199.00'),
  (737, 79, 114, '2016-02-17 00:39:44', '196.00'),
  (738, 79, 114, '2016-02-18 13:41:54', '199.00'),
  (739, 79, 114, '2016-02-19 02:08:42', '199.00'),
  (740, 79, 114, '2016-02-19 17:03:57', '199.00'),
  (741, 80, 116, '2016-02-17 09:50:14', '44.00'),
  (742, 80, 116, '2016-02-19 10:12:33', '94.00'),
  (743, 80, 116, '2016-02-20 01:47:45', '199.00'),
  (744, 80, 116, '2016-02-20 01:49:07', '199.00'),
  (745, 80, 116, '2016-02-20 01:51:58', '199.00'),
  (746, 80, 116, '2016-02-20 01:52:11', '199.00'),
  (747, 80, 116, '2016-02-20 01:52:31', '199.00'),
  (748, 80, 116, '2016-02-20 01:52:53', '199.00'),
  (749, 80, 116, '2016-02-20 01:53:01', '200.00'),
  (750, 80, 116, '2016-02-20 01:53:49', '200.00'),
  (751, 80, 117, '2016-02-18 16:12:18', '186.00'),
  (752, 80, 117, '2016-02-18 20:42:19', '198.00'),
  (753, 80, 117, '2016-02-19 09:04:56', '199.00'),
  (754, 80, 117, '2016-02-19 15:27:03', '199.00'),
  (755, 80, 117, '2016-02-19 17:09:35', '199.00'),
  (756, 80, 117, '2016-02-19 19:33:15', '199.00'),
  (757, 80, 117, '2016-02-19 21:00:44', '199.00'),
  (758, 82, 119, '2016-02-19 16:51:09', '185.00'),
  (759, 82, 119, '2016-02-19 21:25:47', '188.00'),
  (760, 82, 119, '2016-02-20 01:23:48', '195.00'),
  (761, 82, 119, '2016-02-20 01:38:16', '196.00'),
  (762, 82, 119, '2016-02-20 01:40:37', '199.00'),
  (763, 82, 119, '2016-02-20 01:42:15', '199.00'),
  (764, 82, 119, '2016-02-20 01:47:27', '199.00'),
  (765, 82, 119, '2016-02-20 01:48:18', '199.00'),
  (766, 82, 119, '2016-02-20 01:51:29', '199.00'),
  (767, 82, 119, '2016-02-20 01:53:51', '199.00'),
  (768, 82, 119, '2016-02-20 01:54:01', '200.00'),
  (769, 82, 120, '2016-02-19 16:25:07', '177.00'),
  (770, 82, 120, '2016-02-19 18:05:02', '181.00'),
  (771, 82, 120, '2016-02-20 01:47:28', '184.00'),
  (772, 82, 120, '2016-02-20 01:54:18', '195.00'),
  (773, 82, 120, '2016-02-20 01:54:27', '199.00'),
  (774, 82, 120, '2016-02-20 01:54:33', '199.00'),
  (775, 82, 120, '2016-02-20 01:54:33', '199.00'),
  (776, 82, 120, '2016-02-20 01:54:33', '199.00'),
  (777, 82, 120, '2016-02-20 01:54:33', '199.00'),
  (778, 82, 120, '2016-02-20 01:54:33', '199.00'),
  (779, 82, 120, '2016-02-20 01:54:33', '200.00'),
  (780, 82, 120, '2016-02-20 01:54:33', '200.00'),
  (781, 83, 121, '2016-02-17 06:19:41', '93.00'),
  (782, 83, 121, '2016-02-19 15:59:40', '172.00'),
  (783, 83, 122, '2016-02-18 01:09:50', '182.00'),
  (784, 83, 122, '2016-02-18 15:18:43', '183.00'),
  (785, 83, 123, '2016-02-19 17:44:40', '163.00'),
  (786, 83, 123, '2016-02-19 23:06:10', '191.00'),
  (787, 83, 123, '2016-02-19 23:39:11', '193.00'),
  (788, 83, 123, '2016-02-20 00:22:40', '193.00'),
  (789, 83, 123, '2016-02-20 01:00:09', '195.00'),
  (790, 83, 123, '2016-02-20 01:17:38', '195.00'),
  (791, 83, 123, '2016-02-20 01:23:27', '199.00'),
  (792, 84, 125, '2016-02-19 00:10:25', '193.00'),
  (793, 84, 125, '2016-02-19 17:09:27', '196.00'),
  (794, 84, 125, '2016-02-19 18:28:05', '197.00'),
  (795, 87, 126, '2016-02-18 15:42:36', '193.00'),
  (796, 87, 126, '2016-02-19 14:17:02', '196.00'),
  (797, 87, 126, '2016-02-19 16:39:39', '199.00'),
  (798, 87, 126, '2016-02-19 20:43:38', '199.00'),
  (799, 87, 126, '2016-02-19 20:54:01', '199.00'),
  (800, 87, 126, '2016-02-19 23:16:29', '200.00'),
  (801, 87, 126, '2016-02-20 01:46:10', '200.00'),
  (802, 87, 126, '2016-02-20 01:51:17', '200.00'),
  (803, 87, 126, '2016-02-20 01:53:55', '200.00'),
  (804, 87, 126, '2016-02-20 01:54:24', '200.00'),
  (805, 87, 127, '2016-02-19 02:34:08', '45.00'),
  (806, 87, 127, '2016-02-19 19:44:24', '181.00'),
  (807, 87, 127, '2016-02-20 01:26:52', '190.00'),
  (808, 87, 127, '2016-02-20 01:29:34', '195.00'),
  (809, 87, 127, '2016-02-20 01:40:08', '197.00'),
  (810, 87, 127, '2016-02-20 01:54:23', '199.00'),
  (811, 87, 127, '2016-02-20 01:54:29', '199.00'),
  (812, 87, 127, '2016-02-20 01:54:29', '199.00'),
  (813, 88, 128, '2016-02-16 14:53:14', '155.00'),
  (814, 88, 128, '2016-02-18 18:35:27', '161.00'),
  (815, 88, 128, '2016-02-18 22:13:10', '187.00'),
  (816, 88, 128, '2016-02-19 14:51:02', '191.00'),
  (817, 88, 128, '2016-02-19 16:24:02', '197.00'),
  (818, 88, 128, '2016-02-19 19:27:28', '199.00'),
  (819, 88, 128, '2016-02-19 21:05:12', '199.00'),
  (820, 88, 128, '2016-02-19 23:10:02', '199.00'),
  (821, 88, 128, '2016-02-20 00:24:05', '199.00'),
  (822, 88, 128, '2016-02-20 01:44:35', '199.00'),
  (823, 88, 131, '2016-02-18 07:04:31', '66.00'),
  (824, 88, 131, '2016-02-19 18:33:42', '163.00'),
  (825, 88, 131, '2016-02-19 20:35:56', '172.00'),
  (826, 88, 131, '2016-02-20 01:45:54', '177.00'),
  (827, 88, 131, '2016-02-20 01:53:27', '179.00'),
  (828, 88, 131, '2016-02-20 01:54:05', '182.00'),
  (829, 88, 131, '2016-02-20 01:54:32', '194.00'),
  (830, 88, 131, '2016-02-20 01:54:33', '194.00'),
  (831, 88, 131, '2016-02-20 01:54:35', '199.00'),
  (832, 88, 131, '2016-02-20 01:54:35', '199.00'),
  (833, 88, 131, '2016-02-20 01:54:35', '199.00'),
  (834, 88, 131, '2016-02-20 01:54:35', '199.00'),
  (835, 88, 131, '2016-02-20 01:54:35', '200.00'),
  (836, 88, 131, '2016-02-20 01:54:35', '200.00'),
  (837, 88, 131, '2016-02-20 01:54:35', '200.00'),
  (838, 89, 132, '2016-02-19 23:42:12', '128.00'),
  (839, 89, 132, '2016-02-20 00:46:53', '182.00'),
  (840, 89, 133, '2016-02-18 10:44:27', '164.00'),
  (841, 89, 133, '2016-02-19 11:17:52', '167.00'),
  (842, 89, 133, '2016-02-19 11:24:00', '180.00'),
  (843, 89, 133, '2016-02-19 22:49:50', '191.00'),
  (844, 89, 133, '2016-02-19 23:37:24', '198.00'),
  (845, 89, 133, '2016-02-19 23:56:52', '199.00'),
  (846, 89, 133, '2016-02-20 00:55:45', '199.00'),
  (847, 89, 133, '2016-02-20 01:48:30', '199.00'),
  (848, 89, 133, '2016-02-20 01:52:02', '199.00'),
  (849, 89, 133, '2016-02-20 01:54:22', '199.00'),
  (850, 89, 133, '2016-02-20 01:54:25', '199.00'),
  (851, 89, 133, '2016-02-20 01:54:28', '199.00'),
  (852, 89, 133, '2016-02-20 01:54:34', '199.00'),
  (853, 89, 134, '2016-02-19 22:29:47', '139.00'),
  (854, 89, 134, '2016-02-20 00:23:36', '144.00'),
  (855, 89, 134, '2016-02-20 01:06:31', '174.00'),
  (856, 89, 134, '2016-02-20 01:07:49', '192.00'),
  (857, 89, 134, '2016-02-20 01:21:11', '198.00'),
  (858, 89, 134, '2016-02-20 01:31:03', '198.00'),
  (859, 89, 134, '2016-02-20 01:35:19', '199.00'),
  (860, 89, 134, '2016-02-20 01:51:19', '199.00'),
  (861, 89, 134, '2016-02-20 01:53:06', '199.00'),
  (862, 89, 134, '2016-02-20 01:53:13', '199.00'),
  (863, 89, 134, '2016-02-20 01:53:49', '199.00'),
  (864, 89, 134, '2016-02-20 01:54:03', '200.00'),
  (865, 89, 134, '2016-02-20 01:54:10', '200.00'),
  (866, 89, 134, '2016-02-20 01:54:17', '200.00'),
  (867, 89, 134, '2016-02-20 01:54:26', '200.00'),
  (868, 91, 135, '2016-02-17 07:59:03', '198.00'),
  (869, 91, 135, '2016-02-20 01:48:01', '198.00'),
  (870, 91, 135, '2016-02-20 01:54:12', '198.00'),
  (871, 91, 135, '2016-02-20 01:54:14', '199.00'),
  (872, 91, 135, '2016-02-20 01:54:35', '200.00'),
  (873, 91, 135, '2016-02-20 01:54:36', '200.00'),
  (874, 91, 135, '2016-02-20 01:54:36', '200.00'),
  (875, 91, 135, '2016-02-20 01:54:36', '200.00'),
  (876, 91, 136, '2016-02-19 20:07:33', '132.00'),
  (877, 91, 136, '2016-02-19 21:59:53', '182.00'),
  (878, 91, 136, '2016-02-19 22:41:21', '183.00'),
  (879, 91, 136, '2016-02-20 01:50:00', '194.00'),
  (880, 91, 136, '2016-02-20 01:53:28', '197.00'),
  (881, 91, 136, '2016-02-20 01:53:48', '198.00'),
  (882, 91, 136, '2016-02-20 01:54:26', '199.00'),
  (883, 92, 137, '2016-02-17 05:21:01', '188.00'),
  (884, 92, 137, '2016-02-18 06:21:53', '195.00'),
  (885, 92, 137, '2016-02-18 20:08:52', '197.00'),
  (886, 92, 137, '2016-02-19 22:42:18', '198.00'),
  (887, 92, 137, '2016-02-19 22:46:36', '199.00'),
  (888, 92, 137, '2016-02-19 23:03:53', '199.00'),
  (889, 92, 137, '2016-02-19 23:54:24', '199.00'),
  (890, 92, 137, '2016-02-20 01:25:05', '199.00'),
  (891, 92, 137, '2016-02-20 01:29:41', '199.00'),
  (892, 92, 137, '2016-02-20 01:34:44', '200.00'),
  (893, 92, 137, '2016-02-20 01:44:21', '200.00'),
  (894, 92, 137, '2016-02-20 01:53:18', '200.00'),
  (895, 92, 137, '2016-02-20 01:53:23', '200.00'),
  (896, 92, 138, '2016-02-17 13:57:32', '46.00'),
  (897, 92, 138, '2016-02-17 22:10:15', '106.00'),
  (898, 92, 138, '2016-02-19 14:26:42', '157.00'),
  (899, 92, 138, '2016-02-20 00:12:49', '160.00'),
  (900, 92, 138, '2016-02-20 01:43:57', '163.00'),
  (901, 92, 138, '2016-02-20 01:45:09', '163.00'),
  (902, 92, 138, '2016-02-20 01:45:52', '185.00'),
  (903, 92, 138, '2016-02-20 01:49:17', '186.00'),
  (904, 93, 139, '2016-02-16 23:31:02', '105.00'),
  (905, 93, 139, '2016-02-19 22:22:21', '129.00'),
  (906, 93, 139, '2016-02-19 23:07:03', '173.00'),
  (907, 93, 139, '2016-02-20 01:54:28', '180.00'),
  (908, 93, 139, '2016-02-20 01:54:28', '187.00'),
  (909, 93, 139, '2016-02-20 01:54:29', '195.00'),
  (910, 93, 139, '2016-02-20 01:54:29', '199.00'),
  (911, 93, 139, '2016-02-20 01:54:30', '199.00'),
  (912, 93, 139, '2016-02-20 01:54:36', '199.00'),
  (913, 93, 139, '2016-02-20 01:54:37', '199.00'),
  (914, 93, 139, '2016-02-20 01:54:37', '199.00'),
  (915, 93, 139, '2016-02-20 01:54:37', '199.00'),
  (916, 93, 139, '2016-02-20 01:54:37', '199.00'),
  (917, 93, 139, '2016-02-20 01:54:37', '200.00'),
  (918, 93, 140, '2016-02-18 12:24:24', '54.00'),
  (919, 93, 140, '2016-02-18 14:06:50', '179.00'),
  (920, 93, 140, '2016-02-19 07:21:22', '199.00'),
  (921, 93, 140, '2016-02-19 22:41:00', '199.00'),
  (922, 93, 140, '2016-02-20 01:48:51', '199.00'),
  (923, 93, 140, '2016-02-20 01:51:49', '199.00'),
  (924, 93, 140, '2016-02-20 01:53:56', '199.00'),
  (925, 95, 141, '2016-02-18 21:17:44', '189.00'),
  (926, 95, 141, '2016-02-19 09:20:52', '196.00'),
  (927, 95, 141, '2016-02-19 23:22:01', '198.00'),
  (928, 95, 141, '2016-02-20 01:17:17', '199.00'),
  (929, 95, 141, '2016-02-20 01:37:32', '200.00'),
  (930, 95, 141, '2016-02-20 01:40:54', '200.00'),
  (931, 95, 141, '2016-02-20 01:45:36', '200.00'),
  (932, 95, 141, '2016-02-20 01:51:23', '200.00'),
  (933, 95, 141, '2016-02-20 01:53:52', '200.00'),
  (934, 95, 141, '2016-02-20 01:54:36', '200.00'),
  (935, 95, 141, '2016-02-20 01:54:36', '200.00'),
  (936, 95, 141, '2016-02-20 01:54:36', '200.00'),
  (937, 95, 141, '2016-02-20 01:54:36', '200.00'),
  (938, 95, 141, '2016-02-20 01:54:36', '200.00'),
  (939, 95, 142, '2016-02-17 11:30:52', '170.00'),
  (940, 95, 142, '2016-02-19 12:10:05', '186.00'),
  (941, 95, 142, '2016-02-19 14:25:25', '194.00'),
  (942, 95, 142, '2016-02-20 00:24:28', '196.00'),
  (943, 95, 142, '2016-02-20 00:42:58', '198.00'),
  (944, 95, 142, '2016-02-20 01:34:48', '198.00'),
  (945, 95, 143, '2016-02-18 13:23:47', '199.00'),
  (946, 95, 143, '2016-02-19 12:15:39', '199.00'),
  (947, 95, 143, '2016-02-20 01:26:41', '199.00'),
  (948, 95, 143, '2016-02-20 01:36:30', '199.00'),
  (949, 95, 143, '2016-02-20 01:42:41', '199.00'),
  (950, 95, 143, '2016-02-20 01:49:43', '199.00'),
  (951, 95, 143, '2016-02-20 01:54:28', '199.00'),
  (952, 95, 143, '2016-02-20 01:54:34', '199.00'),
  (953, 95, 143, '2016-02-20 01:54:37', '199.00'),
  (954, 95, 143, '2016-02-20 01:54:37', '199.00'),
  (955, 95, 143, '2016-02-20 01:54:37', '199.00'),
  (956, 95, 143, '2016-02-20 01:54:37', '199.00'),
  (957, 95, 143, '2016-02-20 01:54:37', '199.00'),
  (958, 96, 145, '2016-02-19 23:22:47', '97.00'),
  (959, 96, 145, '2016-02-20 01:02:08', '146.00'),
  (960, 96, 145, '2016-02-20 01:21:17', '157.00'),
  (961, 96, 145, '2016-02-20 01:38:13', '178.00'),
  (962, 96, 145, '2016-02-20 01:44:37', '179.00'),
  (963, 96, 145, '2016-02-20 01:47:21', '195.00'),
  (964, 96, 145, '2016-02-20 01:49:48', '198.00'),
  (965, 96, 145, '2016-02-20 01:53:37', '198.00'),
  (966, 96, 145, '2016-02-20 01:54:23', '199.00'),
  (967, 96, 145, '2016-02-20 01:54:33', '199.00'),
  (968, 96, 145, '2016-02-20 01:54:33', '199.00'),
  (969, 97, 146, '2016-02-18 23:57:12', '117.00'),
  (970, 97, 146, '2016-02-19 15:36:28', '173.00'),
  (971, 97, 146, '2016-02-19 18:21:22', '183.00'),
  (972, 97, 146, '2016-02-19 22:37:44', '194.00'),
  (973, 97, 146, '2016-02-20 01:08:10', '197.00'),
  (974, 97, 146, '2016-02-20 01:38:30', '198.00'),
  (975, 97, 146, '2016-02-20 01:54:25', '199.00'),
  (976, 97, 146, '2016-02-20 01:54:37', '199.00'),
  (977, 97, 146, '2016-02-20 01:54:38', '199.00'),
  (978, 97, 146, '2016-02-20 01:54:38', '199.00'),
  (979, 97, 148, '2016-02-18 03:25:01', '62.00'),
  (980, 97, 148, '2016-02-18 07:18:53', '63.00'),
  (981, 97, 148, '2016-02-19 02:16:44', '109.00'),
  (982, 97, 150, '2016-02-17 14:37:51', '50.00'),
  (983, 97, 150, '2016-02-18 05:05:25', '142.00'),
  (984, 97, 150, '2016-02-19 09:41:00', '183.00'),
  (985, 97, 150, '2016-02-19 20:40:44', '195.00'),
  (986, 97, 150, '2016-02-20 00:38:10', '196.00'),
  (987, 97, 150, '2016-02-20 01:36:14', '196.00'),
  (988, 97, 150, '2016-02-20 01:43:09', '197.00'),
  (989, 97, 150, '2016-02-20 01:54:29', '199.00'),
  (990, 97, 150, '2016-02-20 01:54:38', '199.00'),
  (991, 97, 150, '2016-02-20 01:54:38', '199.00'),
  (992, 97, 150, '2016-02-20 01:54:38', '199.00'),
  (993, 97, 150, '2016-02-20 01:54:38', '199.00'),
  (994, 97, 150, '2016-02-20 01:54:38', '199.00'),
  (995, 97, 151, '2016-02-18 18:21:32', '140.00'),
  (996, 97, 151, '2016-02-18 19:54:17', '150.00'),
  (997, 97, 151, '2016-02-19 05:57:45', '152.00'),
  (998, 97, 151, '2016-02-19 10:48:46', '179.00'),
  (999, 97, 152, '2016-02-18 05:18:45', '173.00'),
  (1000, 97, 153, '2016-02-19 23:52:36', '157.00'),
  (1001, 97, 153, '2016-02-20 01:46:51', '173.00'),
  (1002, 97, 153, '2016-02-20 01:51:48', '198.00'),
  (1003, 97, 153, '2016-02-20 01:53:27', '199.00'),
  (1004, 97, 153, '2016-02-20 01:53:42', '199.00'),
  (1005, 97, 153, '2016-02-20 01:54:31', '199.00'),
  (1006, 97, 153, '2016-02-20 01:54:35', '200.00'),
  (1007, 97, 153, '2016-02-20 01:54:35', '200.00'),
  (1008, 97, 153, '2016-02-20 01:54:36', '200.00'),
  (1009, 98, 154, '2016-02-19 08:11:49', '105.00'),
  (1010, 98, 155, '2016-02-18 09:15:15', '19.00'),
  (1011, 98, 155, '2016-02-19 22:50:24', '179.00'),
  (1012, 98, 155, '2016-02-19 23:40:24', '190.00'),
  (1013, 98, 155, '2016-02-20 01:27:47', '198.00'),
  (1014, 98, 155, '2016-02-20 01:37:04', '199.00'),
  (1015, 98, 155, '2016-02-20 01:51:30', '199.00'),
  (1016, 98, 155, '2016-02-20 01:53:45', '199.00'),
  (1017, 98, 155, '2016-02-20 01:54:32', '199.00'),
  (1018, 98, 155, '2016-02-20 01:54:36', '199.00'),
  (1019, 98, 155, '2016-02-20 01:54:38', '199.00'),
  (1020, 98, 155, '2016-02-20 01:54:38', '199.00'),
  (1021, 98, 155, '2016-02-20 01:54:38', '199.00'),
  (1022, 98, 155, '2016-02-20 01:54:38', '199.00'),
  (1023, 98, 155, '2016-02-20 01:54:38', '200.00'),
  (1024, 99, 156, '2016-02-18 05:48:35', '115.00'),
  (1025, 99, 156, '2016-02-18 23:30:37', '126.00'),
  (1026, 99, 156, '2016-02-20 00:11:24', '140.00'),
  (1027, 99, 156, '2016-02-20 01:21:04', '173.00'),
  (1028, 99, 156, '2016-02-20 01:26:28', '188.00'),
  (1029, 99, 156, '2016-02-20 01:28:48', '190.00'),
  (1030, 99, 156, '2016-02-20 01:42:41', '194.00'),
  (1031, 99, 156, '2016-02-20 01:47:27', '195.00'),
  (1032, 99, 156, '2016-02-20 01:49:07', '199.00'),
  (1033, 99, 156, '2016-02-20 01:49:11', '199.00'),
  (1034, 99, 156, '2016-02-20 01:50:17', '199.00'),
  (1035, 99, 156, '2016-02-20 01:52:02', '199.00'),
  (1036, 100, 157, '2016-02-18 23:46:12', '183.00'),
  (1037, 100, 157, '2016-02-19 08:55:26', '193.00'),
  (1038, 100, 157, '2016-02-19 12:32:35', '197.00'),
  (1039, 100, 157, '2016-02-19 20:38:22', '198.00'),
  (1040, 100, 157, '2016-02-20 00:22:37', '199.00'),
  (1041, 100, 157, '2016-02-20 01:05:09', '199.00'),
  (1042, 100, 158, '2016-02-19 08:37:16', '157.00'),
  (1043, 100, 158, '2016-02-20 01:39:23', '164.00'),
  (1044, 100, 158, '2016-02-20 01:43:35', '167.00'),
  (1045, 100, 158, '2016-02-20 01:51:17', '178.00'),
  (1046, 100, 160, '2016-02-19 16:36:05', '99.00'),
  (1047, 100, 160, '2016-02-19 20:17:46', '183.00'),
  (1048, 100, 160, '2016-02-19 20:40:34', '185.00'),
  (1049, 100, 160, '2016-02-19 23:23:25', '189.00'),
  (1050, 101, 162, '2016-02-17 13:38:24', '115.00'),
  (1051, 101, 162, '2016-02-18 16:57:25', '131.00'),
  (1052, 101, 162, '2016-02-19 01:59:43', '180.00'),
  (1053, 101, 162, '2016-02-19 22:53:34', '191.00'),
  (1054, 101, 162, '2016-02-20 01:35:21', '192.00'),
  (1055, 101, 162, '2016-02-20 01:42:35', '199.00'),
  (1056, 101, 162, '2016-02-20 01:47:27', '199.00'),
  (1057, 104, 163, '2016-02-20 01:14:54', '88.00'),
  (1058, 104, 163, '2016-02-20 01:29:00', '168.00'),
  (1059, 104, 163, '2016-02-20 01:29:36', '193.00'),
  (1060, 104, 163, '2016-02-20 01:49:24', '199.00'),
  (1061, 104, 163, '2016-02-20 01:50:33', '199.00'),
  (1062, 105, 165, '2016-02-18 23:46:54', '157.00'),
  (1063, 105, 165, '2016-02-19 19:04:25', '195.00'),
  (1064, 105, 165, '2016-02-19 19:37:36', '198.00'),
  (1065, 105, 165, '2016-02-19 23:51:17', '199.00'),
  (1066, 105, 165, '2016-02-20 01:52:40', '199.00'),
  (1067, 105, 165, '2016-02-20 01:53:25', '199.00'),
  (1068, 105, 165, '2016-02-20 01:53:42', '200.00'),
  (1069, 105, 165, '2016-02-20 01:54:30', '200.00'),
  (1070, 105, 165, '2016-02-20 01:54:39', '200.00'),
  (1071, 105, 165, '2016-02-20 01:54:39', '200.00'),
  (1072, 105, 165, '2016-02-20 01:54:39', '200.00'),
  (1073, 105, 165, '2016-02-20 01:54:39', '200.00'),
  (1074, 105, 165, '2016-02-20 01:54:40', '200.00'),
  (1075, 105, 167, '2016-02-18 01:43:09', '174.00'),
  (1076, 105, 167, '2016-02-18 09:11:39', '191.00'),
  (1077, 105, 167, '2016-02-19 17:14:42', '197.00'),
  (1078, 105, 167, '2016-02-19 22:51:34', '198.00');
INSERT INTO `bids` (`bidId`, `userId`, `auctionId`, `bidTime`, `bidPrice`) VALUES
  (1079, 105, 167, '2016-02-19 23:31:15', '199.00'),
  (1080, 105, 167, '2016-02-20 01:34:30', '199.00'),
  (1081, 105, 167, '2016-02-20 01:48:37', '199.00'),
  (1082, 105, 167, '2016-02-20 01:52:13', '200.00'),
  (1083, 105, 167, '2016-02-20 01:53:59', '200.00'),
  (1084, 106, 168, '2016-02-18 20:58:12', '80.00'),
  (1085, 106, 168, '2016-02-19 23:14:51', '197.00'),
  (1086, 106, 169, '2016-02-19 03:10:05', '64.00'),
  (1087, 106, 169, '2016-02-19 09:36:33', '96.00'),
  (1088, 106, 169, '2016-02-19 19:15:21', '132.00'),
  (1089, 106, 169, '2016-02-19 23:24:33', '164.00'),
  (1090, 106, 169, '2016-02-20 01:36:05', '178.00'),
  (1091, 106, 169, '2016-02-20 01:53:04', '191.00'),
  (1092, 106, 169, '2016-02-20 01:54:18', '195.00'),
  (1093, 106, 169, '2016-02-20 01:54:27', '199.00'),
  (1094, 106, 169, '2016-02-20 01:54:32', '199.00'),
  (1095, 106, 169, '2016-02-20 01:54:40', '199.00'),
  (1096, 106, 169, '2016-02-20 01:54:41', '199.00'),
  (1097, 106, 169, '2016-02-20 01:54:41', '199.00'),
  (1098, 106, 169, '2016-02-20 01:54:41', '199.00'),
  (1099, 106, 169, '2016-02-20 01:54:41', '199.00'),
  (1100, 106, 169, '2016-02-20 01:54:41', '199.00'),
  (1101, 107, 170, '2016-02-19 13:44:53', '177.00'),
  (1102, 107, 170, '2016-02-19 19:29:24', '179.00'),
  (1103, 107, 170, '2016-02-19 19:42:08', '194.00'),
  (1104, 107, 170, '2016-02-19 22:19:14', '197.00'),
  (1105, 107, 170, '2016-02-19 22:44:11', '199.00'),
  (1106, 107, 171, '2016-02-19 09:26:22', '56.00'),
  (1107, 107, 171, '2016-02-19 14:00:34', '158.00'),
  (1108, 107, 171, '2016-02-19 20:59:52', '197.00'),
  (1109, 107, 171, '2016-02-19 23:36:41', '198.00'),
  (1110, 107, 172, '2016-02-19 07:52:13', '90.00'),
  (1111, 107, 172, '2016-02-19 17:31:19', '91.00'),
  (1112, 107, 172, '2016-02-19 21:07:54', '116.00'),
  (1113, 107, 172, '2016-02-20 00:39:36', '172.00'),
  (1114, 107, 173, '2016-02-18 19:33:07', '174.00'),
  (1115, 107, 173, '2016-02-20 01:45:52', '190.00'),
  (1116, 107, 173, '2016-02-20 01:47:13', '192.00'),
  (1117, 107, 173, '2016-02-20 01:47:32', '196.00'),
  (1118, 107, 173, '2016-02-20 01:48:32', '199.00'),
  (1119, 107, 173, '2016-02-20 01:49:09', '199.00'),
  (1120, 107, 173, '2016-02-20 01:53:57', '199.00'),
  (1121, 107, 173, '2016-02-20 01:54:40', '199.00'),
  (1122, 107, 173, '2016-02-20 01:54:40', '199.00'),
  (1123, 107, 173, '2016-02-20 01:54:40', '199.00'),
  (1124, 107, 173, '2016-02-20 01:54:41', '200.00'),
  (1125, 107, 173, '2016-02-20 01:54:41', '200.00'),
  (1126, 107, 173, '2016-02-20 01:54:41', '200.00'),
  (1127, 107, 173, '2016-02-20 01:54:41', '200.00'),
  (1128, 107, 173, '2016-02-20 01:54:41', '200.00'),
  (1129, 108, 174, '2016-02-19 22:29:40', '172.00'),
  (1130, 108, 174, '2016-02-19 22:31:16', '187.00'),
  (1131, 108, 174, '2016-02-19 22:43:25', '192.00'),
  (1132, 108, 175, '2016-02-19 08:45:49', '156.00'),
  (1133, 108, 175, '2016-02-19 09:28:58', '183.00'),
  (1134, 108, 175, '2016-02-19 15:36:29', '198.00'),
  (1135, 108, 175, '2016-02-19 18:06:49', '198.00'),
  (1136, 108, 175, '2016-02-19 22:06:30', '199.00'),
  (1137, 108, 175, '2016-02-20 00:20:56', '199.00'),
  (1138, 108, 175, '2016-02-20 00:35:10', '199.00'),
  (1139, 108, 175, '2016-02-20 01:26:06', '199.00'),
  (1140, 108, 175, '2016-02-20 01:52:00', '199.00');

-- --------------------------------------------------------

--
-- Table structure for table `countries`
--

DROP TABLE IF EXISTS `countries`;
CREATE TABLE `countries` (
  `countryId` int(11) NOT NULL,
  `countryName` varchar(45) NOT NULL
) ENGINE=InnoDB AUTO_INCREMENT=247 DEFAULT CHARSET=latin1;

--
-- Dumping data for table `countries`
--

INSERT INTO `countries` (`countryId`, `countryName`) VALUES
  (1, 'Afghanistan'),
  (2, 'Albania'),
  (3, 'Algeria'),
  (4, 'American Samoa'),
  (5, 'Andorra'),
  (6, 'Angola'),
  (7, 'Anguilla'),
  (8, 'Antarctica'),
  (9, 'Antigua and Barbuda'),
  (10, 'Argentina'),
  (11, 'Armenia'),
  (12, 'Aruba'),
  (13, 'Australia'),
  (14, 'Austria'),
  (15, 'Azerbaijan'),
  (16, 'Bahamas'),
  (17, 'Bahrain'),
  (18, 'Bangladesh'),
  (19, 'Barbados'),
  (20, 'Belarus'),
  (21, 'Belgium'),
  (22, 'Belize'),
  (23, 'Benin'),
  (24, 'Bermuda'),
  (25, 'Bhutan'),
  (26, 'Bolivia'),
  (27, 'Bosnia and Herzegovina'),
  (28, 'Botswana'),
  (29, 'Bouvet Island'),
  (30, 'Brazil'),
  (31, 'British Indian Ocean Territory'),
  (32, 'Brunei Darussalam'),
  (33, 'Bulgaria'),
  (34, 'Burkina Faso'),
  (35, 'Burundi'),
  (36, 'Cambodia'),
  (37, 'Cameroon'),
  (38, 'Canada'),
  (39, 'Cape Verde'),
  (40, 'Cayman Islands'),
  (41, 'Central African Republic'),
  (42, 'Chad'),
  (43, 'Chile'),
  (44, 'China'),
  (45, 'Christmas Island'),
  (46, 'Cocos (Keeling) Islands'),
  (47, 'Colombia'),
  (48, 'Comoros'),
  (49, 'Congo'),
  (50, 'Cook Islands'),
  (51, 'Costa Rica'),
  (52, 'Croatia (Hrvatska)'),
  (53, 'Cuba'),
  (54, 'Cyprus'),
  (55, 'Czech Republic'),
  (56, 'Denmark'),
  (57, 'Djibouti'),
  (58, 'Dominica'),
  (59, 'Dominican Republic'),
  (60, 'East Timor'),
  (61, 'Ecuador'),
  (62, 'Egypt'),
  (63, 'El Salvador'),
  (64, 'Equatorial Guinea'),
  (65, 'Eritrea'),
  (66, 'Estonia'),
  (67, 'Ethiopia'),
  (68, 'Falkland Islands (Malvinas)'),
  (69, 'Faroe Islands'),
  (70, 'Fiji'),
  (71, 'Finland'),
  (72, 'France'),
  (73, 'France, Metropolitan'),
  (74, 'French Guiana'),
  (75, 'French Polynesia'),
  (76, 'French Southern Territories'),
  (77, 'Gabon'),
  (78, 'Gambia'),
  (79, 'Georgia'),
  (80, 'Germany'),
  (81, 'Ghana'),
  (82, 'Gibraltar'),
  (83, 'Guernsey'),
  (84, 'Greece'),
  (85, 'Greenland'),
  (86, 'Grenada'),
  (87, 'Guadeloupe'),
  (88, 'Guam'),
  (89, 'Guatemala'),
  (90, 'Guinea'),
  (91, 'Guinea-Bissau'),
  (92, 'Guyana'),
  (93, 'Haiti'),
  (94, 'Heard and Mc Donald Islands'),
  (95, 'Honduras'),
  (96, 'Hong Kong'),
  (97, 'Hungary'),
  (98, 'Iceland'),
  (99, 'India'),
  (100, 'Isle of Man'),
  (101, 'Indonesia'),
  (102, 'Iran (Islamic Republic of)'),
  (103, 'Iraq'),
  (104, 'Ireland'),
  (105, 'Israel'),
  (106, 'Italy'),
  (107, 'Ivory Coast'),
  (108, 'Jersey'),
  (109, 'Jamaica'),
  (110, 'Japan'),
  (111, 'Jordan'),
  (112, 'Kazakhstan'),
  (113, 'Kenya'),
  (114, 'Kiribati'),
  (115, 'Korea, Democratic People''s Republic of'),
  (116, 'Korea, Republic of'),
  (117, 'Kosovo'),
  (118, 'Kuwait'),
  (119, 'Kyrgyzstan'),
  (120, 'Lao People''s Democratic Republic'),
  (121, 'Latvia'),
  (122, 'Lebanon'),
  (123, 'Lesotho'),
  (124, 'Liberia'),
  (125, 'Libyan Arab Jamahiriya'),
  (126, 'Liechtenstein'),
  (127, 'Lithuania'),
  (128, 'Luxembourg'),
  (129, 'Macau'),
  (130, 'Macedonia'),
  (131, 'Madagascar'),
  (132, 'Malawi'),
  (133, 'Malaysia'),
  (134, 'Maldives'),
  (135, 'Mali'),
  (136, 'Malta'),
  (137, 'Marshall Islands'),
  (138, 'Martinique'),
  (139, 'Mauritania'),
  (140, 'Mauritius'),
  (141, 'Mayotte'),
  (142, 'Mexico'),
  (143, 'Micronesia, Federated States of'),
  (144, 'Moldova, Republic of'),
  (145, 'Monaco'),
  (146, 'Mongolia'),
  (147, 'Montenegro'),
  (148, 'Montserrat'),
  (149, 'Morocco'),
  (150, 'Mozambique'),
  (151, 'Myanmar'),
  (152, 'Namibia'),
  (153, 'Nauru'),
  (154, 'Nepal'),
  (155, 'Netherlands'),
  (156, 'Netherlands Antilles'),
  (157, 'New Caledonia'),
  (158, 'New Zealand'),
  (159, 'Nicaragua'),
  (160, 'Niger'),
  (161, 'Nigeria'),
  (162, 'Niue'),
  (163, 'Norfolk Island'),
  (164, 'Northern Mariana Islands'),
  (165, 'Norway'),
  (166, 'Oman'),
  (167, 'Pakistan'),
  (168, 'Palau'),
  (169, 'Palestine'),
  (170, 'Panama'),
  (171, 'Papua New Guinea'),
  (172, 'Paraguay'),
  (173, 'Peru'),
  (174, 'Philippines'),
  (175, 'Pitcairn'),
  (176, 'Poland'),
  (177, 'Portugal'),
  (178, 'Puerto Rico'),
  (179, 'Qatar'),
  (180, 'Reunion'),
  (181, 'Romania'),
  (182, 'Russian Federation'),
  (183, 'Rwanda'),
  (184, 'Saint Kitts and Nevis'),
  (185, 'Saint Lucia'),
  (186, 'Saint Vincent and the Grenadines'),
  (187, 'Samoa'),
  (188, 'San Marino'),
  (189, 'Sao Tome and Principe'),
  (190, 'Saudi Arabia'),
  (191, 'Senegal'),
  (192, 'Serbia'),
  (193, 'Seychelles'),
  (194, 'Sierra Leone'),
  (195, 'Singapore'),
  (196, 'Slovakia'),
  (197, 'Slovenia'),
  (198, 'Solomon Islands'),
  (199, 'Somalia'),
  (200, 'South Africa'),
  (201, 'South Georgia South Sandwich Islands'),
  (202, 'Spain'),
  (203, 'Sri Lanka'),
  (204, 'St. Helena'),
  (205, 'St. Pierre and Miquelon'),
  (206, 'Sudan'),
  (207, 'Suriname'),
  (208, 'Svalbard and Jan Mayen Islands'),
  (209, 'Swaziland'),
  (210, 'Sweden'),
  (211, 'Switzerland'),
  (212, 'Syrian Arab Republic'),
  (213, 'Taiwan'),
  (214, 'Tajikistan'),
  (215, 'Tanzania, United Republic of'),
  (216, 'Thailand'),
  (217, 'Togo'),
  (218, 'Tokelau'),
  (219, 'Tonga'),
  (220, 'Trinidad and Tobago'),
  (221, 'Tunisia'),
  (222, 'Turkey'),
  (223, 'Turkmenistan'),
  (224, 'Turks and Caicos Islands'),
  (225, 'Tuvalu'),
  (226, 'Uganda'),
  (227, 'Ukraine'),
  (228, 'United Arab Emirates'),
  (229, 'United Kingdom'),
  (230, 'United States'),
  (231, 'United States minor outlying islands'),
  (232, 'Uruguay'),
  (233, 'Uzbekistan'),
  (234, 'Vanuatu'),
  (235, 'Vatican City State'),
  (236, 'Venezuela'),
  (237, 'Vietnam'),
  (238, 'Virgin Islands (British)'),
  (239, 'Virgin Islands (U.S.)'),
  (240, 'Wallis and Futuna Islands'),
  (241, 'Western Sahara'),
  (242, 'Yemen'),
  (243, 'Yugoslavia'),
  (244, 'Zaire'),
  (245, 'Zambia'),
  (246, 'Zimbabwe');

-- --------------------------------------------------------

--
-- Table structure for table `feedbacks`
--

DROP TABLE IF EXISTS `feedbacks`;
CREATE TABLE `feedbacks` (
  `feedbackId` int(11) NOT NULL,
  `auctionId` int(11) NOT NULL,
  `receiverId` int(11) NOT NULL,
  `creatorId` int(11) NOT NULL,
  `score` int(11) NOT NULL,
  `comment` varchar(255) NOT NULL
) ENGINE=InnoDB DEFAULT CHARSET=latin1;

-- --------------------------------------------------------

--
-- Table structure for table `items`
--

DROP TABLE IF EXISTS `items`;
CREATE TABLE `items` (
  `itemId` int(11) NOT NULL,
  `userId` int(11) NOT NULL,
  `itemName` varchar(45) NOT NULL,
  `itemBrand` varchar(45) NOT NULL,
  `categoryId` int(11) NOT NULL,
  `conditionId` int(2) NOT NULL,
  `itemDescription` varchar(2000) NOT NULL,
  `image` varchar(30) DEFAULT NULL
) ENGINE=InnoDB AUTO_INCREMENT=183 DEFAULT CHARSET=latin1;

--
-- Dumping data for table `items`
--

INSERT INTO `items` (`itemId`, `userId`, `itemName`, `itemBrand`, `categoryId`, `conditionId`, `itemDescription`, `image`) VALUES
  (1, 10, 'bulgarian football shirt 1992', 'Kuhic PLC', 3, 4, 'Sed aut aperiam eius minima. Fugit fuga neque ut officiis maiores magni. Et molestias earum harum iste omnis dolores excepturi blanditiis.', 'http://lorempixel.com/640/480/'),
  (2, 12, 'yoga mat', 'Quitzon, Dickinson and Huel', 11, 1, 'Autem repellat fuga et maxime possimus. Occaecati earum omnis assumenda qui iure accusamus corrupti. Omnis ad molestiae qui recusandae.', 'http://lorempixel.com/640/480/'),
  (3, 12, 'bicycle', 'Botsford Ltd', 9, 1, 'Sunt architecto quo quos ad repellendus nihil eum. Sequi repudiandae et voluptatem quidem aut enim. Reprehenderit aut sint aut laboriosam distinctio iste velit voluptate.', 'http://lorempixel.com/640/480/'),
  (4, 12, 'Lego', 'Denesik and Sons', 22, 3, 'Odit ut similique reiciendis quam. Aut qui dolorem soluta itaque rerum labore necessitatibus. Dolorem amet nesciunt veniam rerum laborum officiis.', 'http://lorempixel.com/640/480/'),
  (5, 13, 'old sheriff badge', 'Witting-Feeney', 18, 3, 'Non perferendis et et quis optio nam dolorem. Et officia distinctio in maiores fuga sunt enim. Quas minus pariatur nulla ut eligendi.', 'http://lorempixel.com/640/480/'),
  (6, 13, 'sofa', 'West Ltd', 8, 2, 'Dolor ut in expedita eligendi nam. Ullam assumenda cupiditate at veniam aspernatur quod consequatur maxime. In perspiciatis quibusdam necessitatibus sit omnis vel voluptatem animi.', 'http://lorempixel.com/640/480/'),
  (7, 13, 'samgung phone', 'Strosin and Sons', 13, 4, 'Vero inventore molestias quaerat illo voluptatem ratione quia. Repellat et enim eum impedit accusantium. Quo quos commodi totam cupiditate minus aut.', 'http://lorempixel.com/640/480/'),
  (8, 13, 'spiderman comic', 'Mitchell LLC', 33, 1, 'Sit sit sit quis velit. Sapiente eos eum laboriosam. Libero suscipit molestiae labore error.', 'http://lorempixel.com/640/480/'),
  (9, 15, 'gear cog', 'Bode, Cummings and Fisher', 32, 4, 'Exercitationem est et cupiditate aut. Maxime molestiae quis dolorem enim aut modi. Maiores eveniet accusamus optio optio quam quo.', 'http://lorempixel.com/640/480/'),
  (10, 16, 'radio', 'Keebler, Dickens and Feeney', 14, 1, 'Sit dolor aliquid ex totam sint asperiores unde hic. Distinctio est illum beatae. Delectus vitae repellat est eligendi.', 'http://lorempixel.com/640/480/'),
  (11, 17, 'diamond ring', 'Shanahan Group', 20, 4, 'Aut sequi iusto natus sint quia laboriosam incidunt sint. Voluptatem nam eligendi aliquid soluta. Ipsum repellat ullam et at quia tempora.', 'http://lorempixel.com/640/480/'),
  (12, 17, 'suzuki motorbike', 'Rohan, Schowalter and Gerlach', 31, 3, 'Voluptatibus distinctio nisi et et dolor. Eum a maiores est eum perspiciatis et possimus. Doloremque asperiores necessitatibus qui.', 'http://lorempixel.com/640/480/'),
  (13, 18, 'reebok classics', 'Jacobi, Dibbert and Greenfelder', 27, 3, 'Rerum consequatur sit rem reiciendis corporis et rem. Enim distinctio non consequatur quia est. Dolorum rerum facere et qui dolorem.', 'http://lorempixel.com/640/480/'),
  (14, 18, 'VW golf', 'Prosacco, Zulauf and Murphy', 29, 4, 'Aperiam assumenda voluptates cum vel iste suscipit. Tenetur esse suscipit dolores et accusantium. Voluptatem consequuntur autem nostrum necessitatibus praesentium.', 'http://lorempixel.com/640/480/'),
  (15, 18, 'super mario kart', 'Jenkins-Daugherty', 15, 3, 'Id est recusandae ut consequatur. Quia tenetur ut error molestiae voluptate dolores eum tempore. Modi ab libero modi dolores deleniti labore quidem deserunt.', 'http://lorempixel.com/640/480/'),
  (16, 19, 'cricket set', 'West-Cummerata', 23, 1, 'At quae non quasi ullam consequatur. Ut alias quidem maxime illum dolor accusamus esse. Quisquam repudiandae voluptate eaque quas.', 'http://lorempixel.com/640/480/'),
  (17, 20, 'Antique cast iron eyebolt Barn Pulley', 'Borer Group', 2, 3, 'Cupiditate cupiditate aut dolores tempora excepturi quibusdam quibusdam. Ducimus distinctio eos adipisci modi. Itaque eum voluptatum nam non.', 'http://lorempixel.com/640/480/'),
  (18, 20, 'antique razor', 'Johnston, Kassulke and Hessel', 2, 1, 'Consequatur et unde id quisquam occaecati. Aut hic vitae consequatur placeat hic est. Iste odit ut doloribus porro delectus ab nostrum.', 'http://lorempixel.com/640/480/'),
  (19, 22, 'austrian football shirt 1988', 'Dicki, Turcotte and Kautzer', 3, 3, 'Repellendus mollitia repellendus asperiores autem tenetur. Dolorem corrupti earum aut itaque in autem voluptate. Ab in occaecati doloremque.', 'http://lorempixel.com/640/480/'),
  (20, 22, 'Tijuana Mexico Pesos Coin Card', 'Heathcote LLC', 2, 1, 'Impedit quidem adipisci est alias ad. Sed vero architecto ad. Quas tenetur quis optio commodi voluptate.', 'http://lorempixel.com/640/480/'),
  (21, 23, 'filing cabinet', 'Torphy, McKenzie and Swaniawski', 36, 3, 'Error ut aliquam architecto est veniam. Reiciendis earum ad quod facilis et animi. Amet dicta omnis sint in commodi deleniti.', 'http://lorempixel.com/640/480/'),
  (22, 24, 'BMW 316 e36', 'Hilll-Bashirian', 29, 2, 'Rerum magnam quaerat eos. Repellendus odio magni et velit vero voluptatem aut. Dolores itaque et reprehenderit deleniti deserunt optio omnis.', 'http://lorempixel.com/640/480/'),
  (23, 25, 'silver broache', 'Crist-Stark', 20, 2, 'Tempore quia facilis sit maiores ducimus a fugit. Et vel sint voluptatibus. Pariatur iusto consequatur asperiores.', 'http://lorempixel.com/640/480/'),
  (24, 25, 'tv cabinet', 'Reichel PLC', 8, 4, 'Ratione blanditiis veniam quo ullam. Nulla a quibusdam rem sed assumenda praesentium quo. Ipsa laboriosam et tempora ut fuga.', 'http://lorempixel.com/640/480/'),
  (25, 28, 'microwave', 'Adams PLC', 6, 2, 'Dolor quod ab amet magni non fugit. Aut reprehenderit quia esse qui dolorem occaecati pariatur. Dicta ipsam accusantium et ea aliquam optio necessitatibus omnis.', 'http://lorempixel.com/640/480/'),
  (26, 28, 'tomato seedlings', 'Ledner, Olson and Murray', 5, 3, 'Ut et a accusamus aut. Est placeat aliquid nesciunt deleniti beatae sequi. Molestiae dolorum quae aut illo voluptate.', 'http://lorempixel.com/640/480/'),
  (27, 29, 'Yamaha bike', 'Lubowitz, Bartoletti and Krajcik', 31, 2, 'Quas sit nihil vel doloribus. Libero dolore enim ipsa esse porro delectus. Ab cum esse est libero.', 'http://lorempixel.com/640/480/'),
  (28, 29, 'balls', 'Daniel PLC', 12, 2, 'Quo nam tempore sit cupiditate aut sunt neque pariatur. Atque expedita cupiditate architecto nemo iusto omnis. Veritatis quas ut quis dolorem dolor qui.', 'http://lorempixel.com/640/480/'),
  (29, 29, 'kid''s shoes', 'Metz, Stamm and Barrows', 28, 4, 'A voluptatem est natus. Non ut id blanditiis illum sunt natus. Est dolores magni ad labore consequatur non corrupti pariatur.', 'http://lorempixel.com/640/480/'),
  (30, 31, 'Tijuana Mexico Pesos Coin Card', 'Altenwerth, Kuhic and Kautzer', 2, 1, 'Nam dicta vitae non molestias. Tenetur commodi quis eum nulla illo dolores sunt et. Rem quisquam et id quia reiciendis enim.', 'http://lorempixel.com/640/480/'),
  (31, 33, 'old sheriff badge', 'Bauch-Johns', 18, 4, 'Ipsa in temporibus quia a fuga. Dolorem iure porro ipsam deleniti consequatur. Repellendus eum aut recusandae cupiditate et.', 'http://lorempixel.com/640/480/'),
  (32, 33, 'bicycle', 'Abbott-Dicki', 9, 3, 'Ut consequatur aut possimus consectetur quidem dolor. Consequatur eum praesentium est ut quod sit et. Cum architecto ad aspernatur sit.', 'http://lorempixel.com/640/480/'),
  (33, 34, 'paint', 'Blick, Hansen and Torp', 7, 2, 'Minima cum maiores dolore quod. Dolores ut qui quia pariatur omnis. Reprehenderit minima sit quasi et dolores magnam.', 'http://lorempixel.com/640/480/'),
  (34, 34, 'balls', 'Gerhold, Eichmann and Mills', 12, 2, 'Quia non natus recusandae quae placeat atque. Dolores hic praesentium perferendis debitis qui sint error. Optio dignissimos perspiciatis adipisci porro dolore perspiciatis.', 'http://lorempixel.com/640/480/'),
  (35, 36, 'iphone', 'Eichmann-Haley', 13, 1, 'Qui animi numquam est voluptatibus minima. Illo quisquam omnis assumenda. Quidem rerum possimus voluptatem excepturi rerum at.', 'http://lorempixel.com/640/480/'),
  (36, 36, 'silver broache', 'Feest-Champlin', 20, 4, 'Aspernatur voluptas et qui quia officia necessitatibus. Molestias placeat omnis dolor et sit qui omnis. Sequi voluptates et molestias minima inventore laudantium illum commodi.', 'http://lorempixel.com/640/480/'),
  (37, 36, 'remote controlled car', 'Okuneva, Aufderhar and Kub', 21, 2, 'Dolores et eos ea modi veritatis. Et quisquam repellat voluptatem numquam et nihil et rerum. Mollitia aperiam consequuntur facere officiis mollitia porro.', 'http://lorempixel.com/640/480/'),
  (38, 37, 'makeup', 'Lind Group', 34, 4, 'Molestias aut qui dolores perferendis. Doloremque ut molestiae assumenda et voluptatem corrupti. Est distinctio qui similique.', 'http://lorempixel.com/640/480/'),
  (39, 37, 'start motor', 'Blanda-Schumm', 32, 2, 'Quam possimus qui ullam et. Quam natus voluptate molestiae nobis. A ea voluptas esse quae.', 'http://lorempixel.com/640/480/'),
  (40, 39, 'tackle box', 'Schulist Group', 10, 2, 'Non odit quo quas nihil. Dicta similique et rerum eos. Molestiae deserunt rerum laboriosam iure recusandae a esse sint.', 'http://lorempixel.com/640/480/'),
  (41, 40, 'fishing rod', 'Robel Group', 10, 1, 'Tenetur voluptas numquam cumque. Sint reiciendis consequatur fuga aut. Magnam molestias quibusdam autem.', 'http://lorempixel.com/640/480/'),
  (42, 40, 'bicycle', 'Wyman Ltd', 9, 2, 'Cupiditate iste consectetur asperiores eveniet. Dolorem pariatur harum doloribus voluptate. Illo qui dicta odio voluptatem tenetur possimus.', 'http://lorempixel.com/640/480/'),
  (43, 40, 'GI Joe', 'Von LLC', 24, 1, 'Aperiam voluptas est qui est ea reprehenderit. Accusantium molestias quo nisi nulla. Eius ut et perspiciatis sequi quo autem non.', 'http://lorempixel.com/640/480/'),
  (44, 41, 'bicycle', 'Carter, Rodriguez and Berge', 9, 3, 'Dolorem non consectetur et voluptatem sit libero id non. Culpa eos numquam saepe. At omnis laudantium illo temporibus et explicabo.', 'http://lorempixel.com/640/480/'),
  (45, 41, 'HP Slate', 'Herzog PLC', 16, 4, 'Nisi libero voluptate earum consequatur nobis maiores. Dolores nulla maxime temporibus autem voluptatem temporibus. Aspernatur tenetur quibusdam dolorem commodi.', 'http://lorempixel.com/640/480/'),
  (46, 41, 'Zen watch', 'Aufderhar, Eichmann and Dare', 17, 1, 'Voluptate eum ullam nemo fugiat beatae. Laudantium non illum rerum exercitationem dolorum non. Magnam omnis suscipit quae voluptate soluta vel est.', 'http://lorempixel.com/640/480/'),
  (47, 42, 'weights', 'Cole LLC', 11, 3, 'Ipsa ullam totam quis totam omnis voluptates nihil. Non quia minus nobis quo est qui. Quisquam consequatur ipsum enim aliquid.', 'http://lorempixel.com/640/480/'),
  (48, 42, 'start motor', 'Walsh, Goldner and Abbott', 32, 1, 'Eius saepe ducimus ea unde. A reiciendis quia ut voluptatem. Rerum tenetur similique ea nobis.', 'http://lorempixel.com/640/480/'),
  (49, 42, 'GI Joe', 'Rohan, Boyle and Hagenes', 24, 3, 'Error enim voluptatem ratione harum eum et doloribus. Illum velit quidem vitae fugiat adipisci. Vero ut et neque est libero error.', 'http://lorempixel.com/640/480/'),
  (50, 42, 'balls', 'Block Group', 12, 4, 'Et laudantium saepe quia asperiores sit. Ullam qui optio facilis reprehenderit dolorem commodi illo. Voluptatem alias autem non quod similique unde officia.', 'http://lorempixel.com/640/480/'),
  (51, 43, 'antique razor', 'Medhurst-Grant', 2, 4, 'Consectetur iure dolore eos et sunt velit autem. Architecto voluptates est recusandae laboriosam eos sunt. Facilis ipsum et dolores a qui.', 'http://lorempixel.com/640/480/'),
  (52, 43, 'balls', 'Green-Padberg', 12, 1, 'Nesciunt nostrum nemo odio quas. Ut neque est ducimus vitae velit et. Quam vitae omnis est autem.', 'http://lorempixel.com/640/480/'),
  (53, 43, 'Gap Jacket', 'Ward LLC', 26, 1, 'Optio suscipit unde est ipsa consequuntur. Est enim expedita corporis dignissimos. Nam asperiores vel omnis suscipit quia cupiditate.', 'http://lorempixel.com/640/480/'),
  (54, 43, 'remote controlled car', 'Zboncak, Thompson and Reinger', 21, 2, 'Dolores repellendus repellat voluptas ut dolor. Sed rerum ex et. Explicabo et velit doloremque.', 'http://lorempixel.com/640/480/'),
  (55, 44, 'microwave', 'Blanda-Zemlak', 6, 3, 'Laudantium delectus vel est consequatur facilis amet quas. Omnis sit distinctio repellendus nemo fuga et possimus voluptas. Dicta quam eos deserunt laudantium.', 'http://lorempixel.com/640/480/'),
  (56, 44, 'yoga mat', 'Collier, Kihn and Waelchi', 11, 1, 'Molestiae est officia repellat aut explicabo. Aut possimus maxime et maiores aut iste magnam. Molestias dolorem quaerat porro consectetur labore.', 'http://lorempixel.com/640/480/'),
  (57, 44, 'circa 1900 necklace', 'Russel, Kutch and Parker', 19, 3, 'Possimus sit veniam voluptas facilis. Aut velit neque soluta corrupti quod tenetur. Laboriosam adipisci nemo similique voluptatem.', 'http://lorempixel.com/640/480/'),
  (58, 44, 'BMW 316 e36', 'Will-Schroeder', 29, 4, 'Sed quia soluta quod. Eligendi neque error velit eaque. Numquam esse perferendis dolorum quo.', 'http://lorempixel.com/640/480/'),
  (59, 45, 'wood glue', 'Hayes PLC', 7, 2, 'Et modi sequi dicta hic provident. Incidunt iste amet perspiciatis natus perspiciatis. Voluptate quis esse quae non incidunt sint.', 'http://lorempixel.com/640/480/'),
  (60, 45, 'GI Joe', 'Marvin, Ritchie and Kreiger', 24, 1, 'Labore odit voluptatem dolores nihil id et. Ut deleniti dolorum voluptate. Sit praesentium est autem qui eum.', 'http://lorempixel.com/640/480/'),
  (61, 46, 'guitar', 'Johns Inc', 35, 3, 'Consectetur commodi id eos voluptatem voluptates ut. Error praesentium quod sit sequi rem eveniet corrupti. Voluptatem iusto fugiat et omnis ipsa saepe modi.', 'http://lorempixel.com/640/480/'),
  (62, 47, 'GI Joe', 'Keeling LLC', 24, 3, 'Autem odit maxime minima autem quas. Aut doloribus itaque ratione enim omnis. Voluptatem blanditiis facere at quaerat et in.', 'http://lorempixel.com/640/480/'),
  (63, 47, 'women''s Jacket', 'McDermott-D''Amore', 25, 4, 'Quisquam excepturi et et et. Tempore ea veritatis maxime culpa odit repellendus ut. Nesciunt dolores optio est sequi dolor veniam.', 'http://lorempixel.com/640/480/'),
  (64, 47, 'sony phone', 'Renner, Ondricka and Weber', 13, 1, 'Perferendis omnis quasi commodi aut est. Saepe iusto excepturi rerum ex. Non exercitationem ipsum culpa error.', 'http://lorempixel.com/640/480/'),
  (65, 49, 'Some Watch', 'Cruickshank-Tillman', 17, 4, 'Maxime consequatur ea ratione aut et assumenda aut. Quam voluptatem quis dolor ut. Voluptas veritatis odit voluptatibus vel sit voluptates itaque.', 'http://lorempixel.com/640/480/'),
  (66, 49, 'guitar', 'King-Emard', 35, 1, 'Vel sunt aut culpa quidem odit est sed repellendus. Quas odio quo labore ipsa. Quidem sit necessitatibus possimus nobis corrupti sint.', 'http://lorempixel.com/640/480/'),
  (67, 49, 'bulgarian football shirt 1992', 'Mayer, Moen and Douglas', 3, 3, 'Rerum corrupti et et et non omnis maiores. Id facere illum ducimus porro eligendi. Ut sint quia omnis animi.', 'http://lorempixel.com/640/480/'),
  (68, 49, 'HP Slate', 'Quitzon-Murphy', 16, 1, 'Veniam et corrupti nostrum totam. Sequi praesentium perspiciatis earum officiis voluptatem. Perspiciatis vitae placeat a inventore odit possimus.', 'http://lorempixel.com/640/480/'),
  (69, 50, 'GI Joe', 'Ullrich, Will and Ondricka', 24, 4, 'Est et cumque in totam accusantium voluptatem. Et delectus ut possimus. Voluptas in similique quae ipsum.', 'http://lorempixel.com/640/480/'),
  (70, 52, 'kid''s shoes', 'Hagenes Ltd', 28, 1, 'Eos eveniet numquam aut labore. Alias quos deleniti est placeat eos asperiores. Voluptas quis ipsa id vel laborum.', 'http://lorempixel.com/640/480/'),
  (71, 55, 'reebok classics', 'Johnston-Feil', 27, 4, 'Modi repellendus amet tempora sed distinctio qui sed possimus. Quia odio suscipit laudantium provident aut ipsum. Consectetur veniam modi harum labore qui.', 'http://lorempixel.com/640/480/'),
  (72, 55, 'start motor', 'Heidenreich LLC', 32, 4, 'Eum reprehenderit eaque sed facere officia quisquam laudantium. Doloremque amet dolor officia cum sunt molestias quia. Numquam hic placeat ea nisi neque.', 'http://lorempixel.com/640/480/'),
  (73, 55, 'fishing line', 'Collins Ltd', 10, 3, 'Consequatur expedita quo dolor nostrum quia nihil dolore. Aut amet quisquam aut est sint modi quia. Quisquam iste quis rem corrupti.', 'http://lorempixel.com/640/480/'),
  (74, 56, 'fishing rod', 'Lueilwitz, Beier and Larkin', 10, 2, 'Enim explicabo recusandae rerum quidem doloremque natus voluptatem. Quos accusamus quos error. Optio quibusdam nobis distinctio repellat qui incidunt vero.', 'http://lorempixel.com/640/480/'),
  (75, 56, 'sony phone', 'Jakubowski-Reichert', 13, 4, 'Est at voluptas similique dicta ea deserunt cum. Quia cumque voluptatem eius dignissimos sequi eos ratione magni. Non et temporibus molestiae molestiae quis aut nemo.', 'http://lorempixel.com/640/480/'),
  (76, 57, 'makeup', 'Lehner Ltd', 34, 4, 'Error sit expedita doloribus porro. Vero velit omnis repudiandae commodi et ipsa. Aut voluptatem veritatis aut quod quod eius consequatur.', 'http://lorempixel.com/640/480/'),
  (77, 57, 'World War 1 Photographs', 'Maggio, Hegmann and Hills', 1, 2, 'Quasi accusantium iste quod eos et minima dolorem quisquam. Similique consectetur ducimus et aut esse. Accusantium natus dolore minima repellendus qui expedita ipsum.', 'http://lorempixel.com/640/480/'),
  (78, 57, 'diamond ring', 'Yost-Lockman', 20, 2, 'Quia ut praesentium at. Voluptas nam esse et. Soluta voluptate quia qui omnis autem.', 'http://lorempixel.com/640/480/'),
  (79, 60, 'halo', 'Legros Inc', 15, 4, 'Ea consectetur itaque impedit culpa reiciendis. At ad labore sit. Facere sit praesentium consequatur vero et consequuntur sed.', 'http://lorempixel.com/640/480/'),
  (80, 60, 'VW golf', 'Bernhard Group', 29, 3, 'Aperiam soluta quia illum dolores. Ducimus nesciunt est modi et. Fuga voluptas incidunt animi explicabo qui.', 'http://lorempixel.com/640/480/'),
  (81, 60, 'GI Joe', 'Oberbrunner and Sons', 24, 3, 'Labore corporis aliquam sed ipsa. Voluptatibus numquam quo ut voluptas aliquam eos explicabo. Laudantium dolores voluptatem eveniet quisquam aut.', 'http://lorempixel.com/640/480/'),
  (82, 63, 'VW golf', 'Larson-Renner', 29, 2, 'Et quia cupiditate eum perferendis molestiae. Voluptatum ducimus repudiandae aut. Ut id sit consequatur rem cum quidem omnis.', 'http://lorempixel.com/640/480/'),
  (83, 63, 'filing cabinet', 'Goldner Ltd', 36, 1, 'Fugiat in excepturi odit placeat molestias optio. Optio et totam quia quia incidunt eos voluptatem quasi. Hic id molestiae consequuntur maiores non magni.', 'http://lorempixel.com/640/480/'),
  (84, 63, 'paint', 'Mueller Inc', 7, 1, 'Dolorum autem aut earum. Dolorem eum aut iusto ratione necessitatibus. Voluptatem sit blanditiis enim eos iste.', 'http://lorempixel.com/640/480/'),
  (85, 63, 'Old model plane', 'Satterfield, Schulist and Rogahn', 1, 1, 'Commodi id perspiciatis eius minima excepturi quod ut. Sit cum officia cum accusantium molestiae esse. Voluptatem voluptas velit velit rerum ut.', 'http://lorempixel.com/640/480/'),
  (86, 64, 'samgung phone', 'Rice LLC', 13, 2, 'In aut debitis in occaecati. Perferendis laborum veritatis ipsum veritatis. Nulla molestiae suscipit voluptatum nesciunt ipsa hic quidem explicabo.', 'http://lorempixel.com/640/480/'),
  (87, 64, 'Lego', 'Wyman Group', 22, 2, 'Iure iste id iste quisquam quia voluptatem dolores. Commodi et quisquam in qui. Ratione nemo corporis expedita cupiditate sed.', 'http://lorempixel.com/640/480/'),
  (88, 64, 'samgung phone', 'Klein, Corwin and Padberg', 13, 1, 'Aspernatur assumenda rerum quasi voluptates nihil. Odit illum deserunt accusantium enim. Iure vel porro sit eos maiores quia modi.', 'http://lorempixel.com/640/480/'),
  (89, 64, 'mdf board', 'Cummerata, Robel and Hackett', 7, 1, 'Repudiandae dolorem consectetur consequatur rerum occaecati ipsum in est. Facere vel et cum perspiciatis adipisci nisi. Dolorum soluta praesentium nihil possimus quis sunt dolore.', 'http://lorempixel.com/640/480/'),
  (90, 66, 'start motor', 'Jerde Ltd', 32, 4, 'Ad dolorem vel hic. Optio doloremque ut voluptatem ut quos qui vel recusandae. Magni veritatis quas qui.', 'http://lorempixel.com/640/480/'),
  (91, 66, 'remote controlled car', 'O''Connell, Koelpin and Goodwin', 21, 2, 'Dolores sint illo natus ratione autem consequatur neque. Sapiente et deleniti laborum dolorem consequatur corrupti. Sequi velit temporibus debitis distinctio sunt qui.', 'http://lorempixel.com/640/480/'),
  (92, 67, 'yoga mat', 'Kilback-Frami', 11, 4, 'Magnam itaque qui reprehenderit nesciunt voluptatem. Deleniti modi sequi vitae ad vel quae. Aperiam est aut incidunt itaque.', 'http://lorempixel.com/640/480/'),
  (93, 68, 'cricket set', 'Satterfield, Orn and Rempel', 23, 4, 'Aut adipisci ducimus earum sit. Temporibus dolores eaque ut aut. In veritatis ab natus vel non aut.', 'http://lorempixel.com/640/480/'),
  (94, 68, 'women''s Jacket', 'Rohan PLC', 25, 2, 'Fugit voluptate dolor qui. Tempora inventore ut adipisci quia. Atque qui aspernatur sit commodi ut.', 'http://lorempixel.com/640/480/'),
  (95, 68, 'clubs', 'Keebler, Hoppe and Ratke', 12, 1, 'Fugit eos ut et autem voluptas beatae. Sunt et corrupti eos omnis nisi. Rerum dicta saepe aut.', 'http://lorempixel.com/640/480/'),
  (96, 68, 'old sheriff badge', 'Luettgen-Moore', 18, 2, 'Nihil quis nulla minus qui officia. Vel unde ut earum quo. Suscipit sunt cupiditate ea adipisci.', 'http://lorempixel.com/640/480/'),
  (97, 69, 'tackle box', 'King LLC', 10, 1, 'Enim ab tenetur ut aut alias non consectetur. Incidunt aut et sequi. Hic quasi saepe distinctio nam qui.', 'http://lorempixel.com/640/480/'),
  (98, 69, 'makeup', 'Witting Inc', 34, 1, 'Blanditiis saepe autem a labore aut repudiandae quo. Ad nesciunt vitae dolor. Sit placeat at magni eaque ducimus deleniti accusamus.', 'http://lorempixel.com/640/480/'),
  (99, 70, 'Gap Jacket', 'Spinka, Haag and Bartell', 26, 2, 'A consequatur sapiente quibusdam nihil accusantium. Quam porro voluptas nobis debitis et quisquam. Quis ea dolorum nam rerum.', 'http://lorempixel.com/640/480/'),
  (100, 71, 'super mario kart', 'Rohan-Ward', 15, 4, 'Non ut fugiat culpa ea dolorem sit. Aspernatur velit nihil qui ratione. Ut repudiandae voluptatem et ducimus.', 'http://lorempixel.com/640/480/'),
  (101, 71, 'tv cabinet', 'Emard-Hessel', 8, 1, 'Fugiat nihil possimus ducimus voluptas. Ea nihil ut nisi et quo debitis. Maxime aut dolore fugiat optio beatae architecto quos.', 'http://lorempixel.com/640/480/'),
  (102, 73, 'circa 1900 necklace', 'Eichmann, Pfannerstill and Gleichner', 19, 3, 'Pariatur at nam corporis culpa. Molestiae tenetur ratione id. Quaerat molestiae est repellendus qui consectetur.', 'http://lorempixel.com/640/480/'),
  (103, 73, 'yoga mat', 'Strosin PLC', 11, 4, 'Eos veritatis eos aliquam architecto eum. Perferendis molestias aperiam asperiores asperiores sapiente modi corporis omnis. Nam atque quaerat architecto tempore.', 'http://lorempixel.com/640/480/'),
  (104, 73, 'Antique Brass Early 1900''s Hand Held Teacher''', 'Padberg and Sons', 2, 2, 'Debitis corrupti ut recusandae dolores consequatur libero repellendus. Consequatur mollitia dolor iure rerum quis. Voluptates voluptatibus et mollitia sapiente in.', 'http://lorempixel.com/640/480/'),
  (105, 73, 'croquet set', 'Doyle, Dooley and Streich', 23, 4, 'Fugiat alias error accusantium id sit consequatur. Numquam atque hic iste. Et qui sequi numquam alias consequuntur qui neque.', 'http://lorempixel.com/640/480/'),
  (106, 74, 'samgung phone', 'Bosco Group', 13, 1, 'Animi nihil adipisci consequuntur ipsum. Eum delectus autem ad facilis aut at magni. Nihil qui expedita sit accusantium.', 'http://lorempixel.com/640/480/'),
  (107, 74, 'roman coin', 'Larson, Koepp and Reilly', 4, 4, 'Eaque aut blanditiis aut nobis autem consequatur. Nisi consequatur ad id. Quos eos voluptas eos nihil facilis.', 'http://lorempixel.com/640/480/'),
  (108, 74, 'guitar', 'Bergnaum-Walter', 35, 2, 'Atque illo nihil velit corporis eaque facere consequatur voluptatibus. Omnis fugit reprehenderit dolorem commodi architecto hic quasi. Doloribus praesentium quisquam fugit voluptates eveniet temporibus incidunt omnis.', 'http://lorempixel.com/640/480/'),
  (109, 74, 'Black Penny Stamp', 'Franecki, McDermott and Dach', 1, 4, 'Minima quibusdam voluptatem natus. Ea est labore neque sapiente nesciunt a. Est perspiciatis quos laborum sequi.', 'http://lorempixel.com/640/480/'),
  (110, 76, 'Apple iPad', 'Hammes and Sons', 16, 1, 'Voluptatem est qui quia ullam voluptas autem. Doloribus eum quidem modi hic molestiae qui. Facilis temporibus qui sint maxime et.', 'http://lorempixel.com/640/480/'),
  (111, 76, 'kid''s shoes', 'Wunsch-Mohr', 28, 1, 'Et et quisquam ipsa quis molestiae numquam. Dolores qui placeat qui architecto sit ducimus. Omnis rem voluptas optio asperiores.', 'http://lorempixel.com/640/480/'),
  (112, 76, 'honeysuckle plant', 'Little, Murazik and Ernser', 5, 4, 'Et veniam sint rem. Eius eligendi corrupti nihil explicabo cumque facilis aut. Ut illum facere dolorem.', 'http://lorempixel.com/640/480/'),
  (113, 76, 'radio', 'Kutch LLC', 14, 1, 'Odio non dolore id hic accusamus ut sint. Aut molestias enim et corrupti ipsum voluptas. Iure et nam dicta saepe dolores aut dolore ab.', 'http://lorempixel.com/640/480/'),
  (114, 77, 'remote controlled car', 'Bernhard, Mertz and Beier', 21, 2, 'Quo consequuntur voluptatem dolore recusandae. Similique sit beatae facilis laboriosam eos. Quaerat recusandae molestiae vitae sunt.', 'http://lorempixel.com/640/480/'),
  (115, 77, 'makeup', 'Macejkovic PLC', 34, 2, 'Praesentium omnis quae fugiat eum eius nam. Sed fugit veritatis ut repudiandae. Hic totam adipisci sit fugiat nihil dolor.', 'http://lorempixel.com/640/480/'),
  (116, 78, 'spare tyre', 'Conroy-Lesch', 9, 3, 'Vel placeat voluptatem consequatur magni eos. Alias qui in qui qui molestiae tempora omnis molestias. Ut voluptas nisi officiis aliquam ut occaecati maiores veniam.', 'http://lorempixel.com/640/480/'),
  (117, 78, 'tv cabinet', 'Bayer Ltd', 8, 2, 'Corporis sed praesentium est rerum dolor atque ipsum. Neque commodi aut cupiditate nam est consequuntur ut. Nisi temporibus optio et odit enim quidem.', 'http://lorempixel.com/640/480/'),
  (118, 78, 'BMW 316 e36', 'Funk, Veum and Bayer', 29, 2, 'Ad voluptatibus possimus unde. Rerum doloribus ut minus aut officiis. Aspernatur vitae iure possimus exercitationem debitis.', 'http://lorempixel.com/640/480/'),
  (119, 78, 'GI Joe', 'Doyle-Jenkins', 24, 1, 'Vel quo eum et. Velit omnis expedita est sapiente sunt reprehenderit animi. Rerum voluptatibus aliquid est vitae aut quibusdam.', 'http://lorempixel.com/640/480/'),
  (120, 79, 'makeup', 'Berge-Pfannerstill', 34, 2, 'Eum qui aspernatur ut atque quis perferendis. Numquam aut iusto molestias voluptatum non quia reiciendis. Optio et ipsa quidem.', 'http://lorempixel.com/640/480/'),
  (121, 79, 'weights', 'Raynor PLC', 11, 1, 'Odio eveniet et repellendus similique qui et neque. Sit architecto voluptatem officiis impedit. Praesentium quaerat necessitatibus ut tenetur delectus id voluptatibus.', 'http://lorempixel.com/640/480/'),
  (122, 79, 'weights', 'Bashirian, Kuhic and Harvey', 11, 1, 'Expedita maxime et corrupti doloremque. Et molestias et sit similique. Quo quae dolor sint hic.', 'http://lorempixel.com/640/480/'),
  (123, 79, 'GI Joe', 'Nikolaus-Jakubowski', 24, 1, 'Doloribus ducimus perspiciatis dolore qui repellendus atque sed est. Adipisci eum aut sunt beatae. Quibusdam saepe quia sed nisi sed iste.', 'http://lorempixel.com/640/480/'),
  (124, 80, 'HP Slate', 'Jast, Kerluke and Schmitt', 16, 3, 'Et magni eaque corrupti fuga. Aut porro ut optio velit atque. Delectus iure aliquid unde iure quo vero consequatur.', 'http://lorempixel.com/640/480/'),
  (125, 81, 'silver broache', 'Waelchi, Mosciski and Sanford', 20, 4, 'Culpa laborum dolorem aut voluptatem dolor aut itaque corporis. Voluptate hic impedit ipsam dolores veniam. Autem et qui quia velit aperiam.', 'http://lorempixel.com/640/480/'),
  (126, 82, 'makeup', 'Walker, Berge and Sauer', 34, 3, 'Officia occaecati veritatis est hic aut. Provident inventore sapiente unde occaecati. Assumenda alias odio quaerat at.', 'http://lorempixel.com/640/480/'),
  (127, 82, 'guitar', 'Ward LLC', 35, 2, 'Nemo odio quod cupiditate quo. Deleniti similique quia eaque dolores omnis. Id quia rerum commodi occaecati nihil ad quis.', 'http://lorempixel.com/640/480/'),
  (128, 82, 'start motor', 'Rolfson Inc', 32, 4, 'Exercitationem recusandae voluptatem harum quia similique corporis. Repellat dicta aut quia et alias rerum. Soluta adipisci dolores doloribus praesentium perferendis voluptatibus eum.', 'http://lorempixel.com/640/480/'),
  (129, 83, 'bicycle', 'Weber-Rippin', 9, 1, 'Tenetur nisi amet doloribus dolor. Atque sit ut recusandae ipsam. Vel aspernatur sit a nisi et laborum id incidunt.', 'http://lorempixel.com/640/480/'),
  (130, 83, 'weights', 'McLaughlin, Bosco and Kemmer', 11, 1, 'Eos animi in est natus. Nisi fugiat aut aut id enim ipsa sed illo. Quia nam voluptates natus molestias.', 'http://lorempixel.com/640/480/'),
  (131, 84, 'super mario kart', 'Ledner, Batz and Skiles', 15, 3, 'Labore sed est voluptas recusandae itaque dolor accusantium. Eaque et sed soluta natus error. Doloremque non magnam corporis cum minus sit ipsam.', 'http://lorempixel.com/640/480/'),
  (132, 84, 'Black Penny Stamp', 'Rosenbaum Group', 1, 1, 'Itaque iusto iste provident molestias odio. Fuga est cum magnam voluptas. Ut et nam voluptatem quasi omnis.', 'http://lorempixel.com/640/480/'),
  (133, 85, 'tackle box', 'Morissette-Roberts', 10, 1, 'Ipsa ut aut accusamus quis laudantium. Eos voluptas rerum non ut id id omnis. Harum magni accusantium in.', 'http://lorempixel.com/640/480/'),
  (134, 87, 'Some Watch', 'Wisoky-Mertz', 17, 4, 'Dolorum perferendis sed quos. Cum aut voluptatum dolorem nostrum ad. Omnis et velit voluptatum ab excepturi.', 'http://lorempixel.com/640/480/'),
  (135, 88, 'GI Joe', 'Mraz-Hansen', 24, 1, 'Voluptatem rerum distinctio odit quos. Minima deserunt quis exercitationem qui at error possimus ducimus. Illo quia nesciunt qui repellendus eum sunt et.', 'http://lorempixel.com/640/480/'),
  (136, 88, 'kid''s shoes', 'McCullough, Connelly and Cronin', 28, 2, 'Consequatur totam id sit iusto sed eos ea. Recusandae qui dolores quae. Veritatis ratione et enim quis non dolorem voluptatem.', 'http://lorempixel.com/640/480/'),
  (137, 88, 'mdf board', 'Kilback-Nitzsche', 7, 4, 'Explicabo adipisci sunt reiciendis et at ex. Minus libero id deserunt asperiores quasi sed quas. Fugiat voluptatum error veritatis totam.', 'http://lorempixel.com/640/480/'),
  (138, 88, 'antique razor', 'Cartwright Inc', 2, 3, 'Velit saepe quaerat est consequatur. Id qui repudiandae consequatur sed autem. Ullam ut sequi beatae nam.', 'http://lorempixel.com/640/480/'),
  (139, 89, 'sony phone', 'Gaylord-Collier', 13, 3, 'Maiores est doloribus et reprehenderit. Nam ut aliquam fuga. Est illo adipisci fuga amet nemo culpa.', 'http://lorempixel.com/640/480/'),
  (140, 89, 'circa 1900 necklace', 'Hartmann Group', 19, 2, 'Commodi neque optio tempora labore. Molestias magni eum pariatur harum saepe in. Sunt velit veritatis nesciunt alias.', 'http://lorempixel.com/640/480/'),
  (141, 89, 'yoga mat', 'Borer PLC', 11, 4, 'Libero sunt vero fugiat sit nostrum perferendis possimus exercitationem. Commodi sed fuga aut et. Nihil voluptas quis aperiam quis.', 'http://lorempixel.com/640/480/'),
  (142, 91, 'roman coin', 'Stokes and Sons', 4, 3, 'Incidunt molestiae optio et corporis voluptatum quod. Modi velit corrupti est accusamus. Nulla officiis ut facere corporis.', 'http://lorempixel.com/640/480/'),
  (143, 92, 'used underpants', 'Kemmer-Kertzmann', 26, 3, 'Voluptatibus expedita quia ea iste labore. Qui architecto perferendis molestias quia quaerat. Aut nihil at fuga corrupti est tenetur.', 'http://lorempixel.com/640/480/'),
  (144, 93, 'Yamaha bike', 'Sanford Inc', 31, 4, 'Hic possimus dicta et nihil consequuntur. Quaerat adipisci consequatur voluptatem corrupti. Ipsum nulla sed quidem aliquam porro rerum.', 'http://lorempixel.com/640/480/'),
  (145, 93, 'Zen watch', 'Hegmann-Ortiz', 17, 3, 'Ea unde aut non ullam. Sunt odio et expedita est tempora deserunt minus vitae. Assumenda beatae ut occaecati tempore est.', 'http://lorempixel.com/640/480/'),
  (146, 93, 'women''s Jacket', 'Boehm-Donnelly', 25, 1, 'Iste nulla provident eaque. Similique qui temporibus quas non blanditiis explicabo provident. Enim eum non omnis autem sit inventore eligendi et.', 'http://lorempixel.com/640/480/'),
  (147, 94, 'Old model plane', 'Jacobson, Funk and Weber', 1, 2, 'Quaerat occaecati rerum dolor cum et debitis. Totam est ut odio voluptatem. Quo et iusto iusto unde doloribus voluptatem doloremque maxime.', 'http://lorempixel.com/640/480/'),
  (148, 94, 'honeysuckle plant', 'Deckow, Hamill and Russel', 5, 1, 'Perspiciatis ut alias consequatur dolorum eaque aliquam. Et eum cumque in culpa nihil accusamus. Nostrum ut aut quia.', 'http://lorempixel.com/640/480/'),
  (149, 95, 'coffee table', 'Dietrich, Feest and Kemmer', 8, 3, 'Voluptas aut sit beatae vel a. Ullam fuga voluptatem non est. Quod consequuntur in assumenda molestias ipsam tempora recusandae et.', 'http://lorempixel.com/640/480/'),
  (150, 95, 'paint', 'Weimann-Gottlieb', 7, 3, 'Quaerat architecto laborum voluptates voluptate cumque sint modi. Distinctio et neque dolore magni quo quo. Quae quis maiores provident voluptas maxime tempora.', 'http://lorempixel.com/640/480/'),
  (151, 95, 'GI Joe', 'Dietrich-O''Connell', 24, 1, 'Delectus quasi sed aut fugit aut nulla eos. Repudiandae hic omnis quibusdam commodi cumque deleniti. Quae sit aut ea dolore qui.', 'http://lorempixel.com/640/480/'),
  (152, 96, 'iphone', 'Stark-Zulauf', 13, 1, 'Necessitatibus ullam dolor qui quae libero. Atque aut at facilis et. Molestiae minus dolorem nobis repellendus.', 'http://lorempixel.com/640/480/'),
  (153, 96, 'GI Joe', 'Herman-Mohr', 24, 4, 'Veritatis consectetur quis delectus nihil hic. Sint in eos nulla voluptatibus aut. Dolorem velit nulla accusamus quia atque aut distinctio.', 'http://lorempixel.com/640/480/'),
  (154, 96, 'croquet set', 'Rice, Schuppe and Mraz', 23, 2, 'Vero quam sit quae consequuntur earum. Sint doloribus aut autem voluptatem et. Est sunt qui aut sequi.', 'http://lorempixel.com/640/480/'),
  (155, 96, 'makeup', 'Cronin-Erdman', 34, 3, 'Adipisci velit aut exercitationem cumque illo occaecati qui repellendus. Ipsam non consequatur explicabo vel maiores. Veritatis rerum omnis mollitia libero aspernatur quae.', 'http://lorempixel.com/640/480/'),
  (156, 97, 'guitar', 'Corwin, Kertzmann and McGlynn', 35, 2, 'Iusto voluptate atque reprehenderit nesciunt voluptas. Debitis deserunt animi dolorum eum illo omnis. Quos in iure iste eos asperiores.', 'http://lorempixel.com/640/480/'),
  (157, 97, 'kid''s shoes', 'Brown, Cruickshank and Lowe', 28, 4, 'Sed porro ab molestiae officiis nam est totam. Harum sed dolore maiores est qui maiores. Et nihil ut illum tempora dolorum.', 'http://lorempixel.com/640/480/'),
  (158, 97, 'samgung phone', 'Kilback-Christiansen', 13, 4, 'Corporis quia vel qui qui quia exercitationem. Placeat deleniti dolore voluptate cupiditate. Dolorum iure sunt temporibus aliquam quia cum aut.', 'http://lorempixel.com/640/480/'),
  (159, 97, 'tackle box', 'Bradtke, Zulauf and Schroeder', 10, 1, 'Tempore cumque aut eum ut assumenda doloribus consequatur. Quos deleniti nihil nemo saepe earum animi hic. Vel rerum nisi ut quasi non ut commodi.', 'http://lorempixel.com/640/480/'),
  (160, 98, 'england football shirt 1980', 'Kris LLC', 3, 4, 'Dignissimos quia omnis magnam atque. Rerum tempore corporis provident doloribus nobis nemo cumque. Optio inventore enim repudiandae.', 'http://lorempixel.com/640/480/'),
  (161, 98, 'mdf board', 'Durgan, Romaguera and Ondricka', 7, 2, 'Iste quia aut quia sunt. Exercitationem dolores eos eveniet vel dignissimos. Nisi nihil esse beatae minima illo.', 'http://lorempixel.com/640/480/'),
  (162, 98, 'super mario kart', 'Cummings-Fadel', 15, 4, 'Molestias nihil voluptas distinctio. Quae neque asperiores magni quibusdam. Tenetur unde qui nihil illum quod provident.', 'http://lorempixel.com/640/480/'),
  (163, 99, 'austrian football shirt 1988', 'Von, Schowalter and Botsford', 3, 3, 'Aut ut asperiores accusantium rerum nihil officiis. Tempore consequuntur fugiat odit autem. Nam aut non expedita sequi sunt sunt autem.', 'http://lorempixel.com/640/480/'),
  (164, 99, 'battery', 'Deckow, Wiza and Walter', 30, 4, 'Doloremque aut tempora nihil sint. Magni ut quod eum cum. Quasi explicabo rem et necessitatibus unde non facilis.', 'http://lorempixel.com/640/480/'),
  (165, 100, 'halo', 'Stark, Volkman and Zemlak', 15, 3, 'Vel saepe et et amet cum. Est accusantium minima saepe dolorem assumenda. Sapiente maxime qui ex esse laudantium.', 'http://lorempixel.com/640/480/'),
  (166, 100, 'filing cabinet', 'Jerde-Nienow', 36, 1, 'Enim unde nisi nemo dolorem non. Deleniti magnam non quo sed. Magnam voluptas officia totam commodi libero dolores.', 'http://lorempixel.com/640/480/'),
  (167, 100, 'circa 1900 necklace', 'Thiel, Berge and Gislason', 19, 2, 'Est aliquam animi iure molestiae deleniti excepturi cum et. Omnis non earum harum in incidunt quis et. Voluptatem facilis adipisci officiis et inventore ratione hic quia.', 'http://lorempixel.com/640/480/'),
  (168, 100, 'radio', 'Morissette-Rodriguez', 14, 3, 'Et eveniet nisi qui ipsam et corrupti suscipit. Quos corporis vitae inventore quas labore. Ea nesciunt similique rem nesciunt.', 'http://lorempixel.com/640/480/'),
  (169, 101, 'microwave', 'Rice, Raynor and Effertz', 6, 4, 'Et iusto ut unde dolorem hic voluptas tempora. Illo aut repellendus officiis est iste molestiae. Voluptatem nulla voluptate nemo in.', 'http://lorempixel.com/640/480/'),
  (170, 101, 'kid''s shoes', 'Rosenbaum and Sons', 28, 2, 'Iusto labore sed atque inventore sunt nobis libero. Non dignissimos quo ut repellat aut. Ratione ad ea et et at aperiam sint.', 'http://lorempixel.com/640/480/'),
  (171, 104, 'plexiglass', 'Barton-Mills', 7, 2, 'Facilis ut soluta ipsa perspiciatis deleniti aspernatur. Dolorem quis labore quisquam nobis minus laborum nesciunt. Culpa nostrum debitis rerum sapiente.', 'http://lorempixel.com/640/480/'),
  (172, 104, 'Antique Brass Early 1900''s Hand Held Teacher''', 'Brown-West', 2, 2, 'Soluta est consequuntur et quaerat qui. Voluptatem dolor laudantium similique fugit enim et laborum. Ut consectetur ducimus repudiandae et quam repellat quae.', 'http://lorempixel.com/640/480/'),
  (173, 105, 'makeup', 'Marvin Group', 34, 2, 'Eius suscipit dolorem corporis non modi earum nihil. Itaque quia iure rerum velit cum molestiae sit. Quia ut unde libero minus.', 'http://lorempixel.com/640/480/'),
  (174, 105, 'Silver Spoons', 'Brekke, Toy and Denesik', 1, 1, 'Accusantium nemo iste sapiente sint aliquam. Iste non incidunt alias atque doloribus ut. Et totam ut in harum vero et.', 'http://lorempixel.com/640/480/'),
  (175, 106, 'Lego', 'McDermott, Walter and Bergstrom', 22, 2, 'Nulla nemo distinctio enim. Similique voluptas veritatis a sed. Aliquid qui asperiores consequatur quos.', 'http://lorempixel.com/640/480/'),
  (176, 106, 'tackle box', 'Fahey-Wuckert', 10, 3, 'Illum tempora optio dolores nesciunt dolorum rerum. Est consectetur voluptatem enim repellat cum et animi. Qui voluptatem sunt quo rerum.', 'http://lorempixel.com/640/480/'),
  (177, 106, 'spiderman comic', 'Cummings-Jacobson', 33, 4, 'Aliquam voluptatem omnis at odit. Ut consequatur dolorem accusantium repellendus. Iusto totam accusantium eius ipsam.', 'http://lorempixel.com/640/480/'),
  (178, 107, 'cricket set', 'Lubowitz-Kuhn', 23, 1, 'Aut quisquam odio perspiciatis provident repellendus. Quae corrupti veniam odio qui beatae quia. Facilis aut sint molestias quibusdam quia.', 'http://lorempixel.com/640/480/'),
  (179, 107, 'balls', 'Lubowitz Group', 12, 4, 'Nemo perspiciatis saepe fuga tenetur dicta qui saepe. Nam sit sit dolor esse sint excepturi. Nostrum maxime maxime eos modi debitis.', 'http://lorempixel.com/640/480/'),
  (180, 108, 'cupboard', 'Adams and Sons', 8, 1, 'Exercitationem perspiciatis voluptatem aut sit doloribus quo. Quaerat sapiente quidem similique suscipit. Quisquam consequuntur ut sed temporibus.', 'http://lorempixel.com/640/480/'),
  (181, 108, 'cricket set', 'Corkery, Quigley and Lakin', 23, 1, 'Aperiam et perferendis aut et ipsa ipsum enim. Quia quo ea quaerat exercitationem odit accusantium. Harum eos esse nihil tenetur laudantium.', 'http://lorempixel.com/640/480/'),
  (182, 5, 'Mac Book Pro', 'Apple', 16, 1, 'xxx', '56c88839dfacc5.32288882.jpg');

-- --------------------------------------------------------

--
-- Table structure for table `item_categories`
--

DROP TABLE IF EXISTS `item_categories`;
CREATE TABLE `item_categories` (
  `categoryId` int(11) NOT NULL,
  `superCategoryId` int(11) NOT NULL,
  `categoryName` varchar(45) NOT NULL
) ENGINE=InnoDB AUTO_INCREMENT=37 DEFAULT CHARSET=latin1;

--
-- Dumping data for table `item_categories`
--

INSERT INTO `item_categories` (`categoryId`, `superCategoryId`, `categoryName`) VALUES
  (1, 1, 'Collectables'),
  (2, 1, 'Antiques'),
  (3, 1, 'Sports Memorabilia'),
  (4, 1, 'Coins'),
  (5, 2, 'Garden'),
  (6, 2, 'Appliances'),
  (7, 2, 'DIY Materials'),
  (8, 2, 'Furniture & Homeware'),
  (9, 3, 'Cycling'),
  (10, 3, 'Fishing'),
  (11, 3, 'Fitness, Running & Yoga'),
  (12, 3, 'Golf'),
  (13, 4, 'Mobile Phones'),
  (14, 4, 'Sound & Vision'),
  (15, 4, 'Video Games'),
  (16, 4, 'Computer & Tables'),
  (17, 5, 'Watches'),
  (18, 5, 'Costume Jewellery'),
  (19, 5, 'Vintage & Antique Jewelery'),
  (20, 5, 'Fine Jewelery'),
  (21, 6, 'Radio Controlled'),
  (22, 6, 'Construction Toys'),
  (23, 6, 'Outdoor Toys'),
  (24, 6, 'Action Figures'),
  (25, 7, 'Women''s Clothing'),
  (26, 7, 'Men''s Clothing'),
  (27, 7, 'Shoes'),
  (28, 7, 'Kid''s Fashion'),
  (29, 8, 'Cars'),
  (30, 8, 'Car Parts'),
  (31, 8, 'Motorcycles & Scooters'),
  (32, 8, 'Motorcycle Parts'),
  (33, 9, 'Books, Comics & Magazines'),
  (34, 9, 'Health & Beauty'),
  (35, 9, 'Musical Instruments'),
  (36, 9, 'Business, Office & Industrial');

-- --------------------------------------------------------

--
-- Table structure for table `item_conditions`
--

DROP TABLE IF EXISTS `item_conditions`;
CREATE TABLE `item_conditions` (
  `conditionId` int(2) NOT NULL,
  `conditionName` varchar(45) NOT NULL
) ENGINE=InnoDB DEFAULT CHARSET=latin1;

--
-- Dumping data for table `item_conditions`
--

INSERT INTO `item_conditions` (`conditionId`, `conditionName`) VALUES
  (1, 'Brand New'),
  (2, 'New other'),
  (3, 'Used'),
  (4, 'For parts or not working');

-- --------------------------------------------------------

--
-- Table structure for table `super_item_categories`
--

DROP TABLE IF EXISTS `super_item_categories`;
CREATE TABLE `super_item_categories` (
  `superCategoryId` int(11) NOT NULL,
  `superCategoryName` varchar(45) NOT NULL
) ENGINE=InnoDB AUTO_INCREMENT=10 DEFAULT CHARSET=latin1;

--
-- Dumping data for table `super_item_categories`
--

INSERT INTO `super_item_categories` (`superCategoryId`, `superCategoryName`) VALUES
  (1, 'Collectables & Antiques'),
  (2, 'Home & Garden'),
  (3, 'Sporting Goods'),
  (4, 'Electronics'),
  (5, 'Jewelery & Watches'),
  (6, 'Toys & Games'),
  (7, 'Fashion'),
  (8, 'Motors'),
  (9, 'Everything Else');

-- --------------------------------------------------------

--
-- Table structure for table `unverified_users`
--

DROP TABLE IF EXISTS `unverified_users`;
CREATE TABLE `unverified_users` (
  `userId` int(11) NOT NULL,
  `confirmCode` varchar(60) NOT NULL
) ENGINE=InnoDB AUTO_INCREMENT=115 DEFAULT CHARSET=latin1;

--
-- Dumping data for table `unverified_users`
--

INSERT INTO `unverified_users` (`userId`, `confirmCode`) VALUES
  (6, '38007188'),
  (7, '38787806'),
  (8, '84752420'),
  (9, '36464858'),
  (110, '64787719'),
  (113, '75368781'),
  (114, '10022901');

-- --------------------------------------------------------

--
-- Table structure for table `users`
--

DROP TABLE IF EXISTS `users`;
CREATE TABLE `users` (
  `userId` int(11) NOT NULL,
  `username` varchar(45) NOT NULL,
  `email` varchar(45) NOT NULL,
  `firstName` varchar(45) NOT NULL,
  `lastName` varchar(45) NOT NULL,
  `address` varchar(90) NOT NULL,
  `postcode` varchar(45) NOT NULL,
  `city` varchar(45) NOT NULL,
  `countryId` int(11) NOT NULL,
  `password` varchar(60) NOT NULL,
  `verified` tinyint(1) DEFAULT '0',
  `image` varchar(255) DEFAULT NULL
) ENGINE=InnoDB AUTO_INCREMENT=115 DEFAULT CHARSET=latin1;

--
-- Dumping data for table `users`
--

INSERT INTO `users` (`userId`, `username`, `email`, `firstName`, `lastName`, `address`, `postcode`, `city`, `countryId`, `password`, `verified`, `image`) VALUES
  (1, 'Andy1234', 'xxx', 'Andreas', 'Rauter', 'Flat 23 Prospect House, Donegal Street', 'N19QD', 'London', 229, '$2y$10$VraZBbuk/StYSL3tp261Iu9R3/8YLNVcGaMEN2C8YAFlc6JzMlGpW', 1, ''),
  (5, 'sickAustrian', 'andreas.l.rauter@gmail.com', 'Andreas Lukas', 'Klingbacher', 'Flat 23 Prospect House, Donegal Street', 'N19QA', 'London', 12, '$2y$10$CdMrB2AI5CcpjMdN8bAuK.1c1BMaqKWdUJshPTGHau5iK1BKe0ZTO', 1, '56c4ee12da9e26.43716469.jpg'),
  (6, 'uuu', 'jack roper@gmail.com', 'll', 'll', 'll', 'll', 'ss', 2, '$2y$10$dA1CDqlihaF4mWzJxoTlsOhiJtiWklkaqrPuaWFOCtJVLSVY2RHvG', 0, NULL),
  (7, 'xxxx', 'xxxx@gmail.com', 'kk', 'kk', 'kk', 'kk', 'kk', 2, '$2y$10$UCDfTwtkCpoMF0DVb5F3Leyn639kh1yV0GfL.5JrXOYRPGhZx5cU.', 0, NULL),
  (8, 'all', 'baumhaus@gmail.com', 'll', 'll', 'll', 'll', 'll', 1, '$2y$10$392npKG7jLqZgW3X.Wp.w.iHtweHNqaT/iPalkoNQ1pP8Z5vmDfSC', 0, NULL),
  (9, 'Gea', 'andreas.rauter1@gmx.at', 'll', 'll', 'll', 'll', 'll', 1, '$2y$10$AJ.NCzeHNy8xBsVvwspyluz13HJVq3fleg7tzrlrCLlZRPsSkO0I6', 0, NULL),
  (10, 'elda.runolfsson', 'hackett.keyon@luettgen.com', 'Lori', 'Gottlieb', '7205 Josue Knoll Suite 129\nLake Andre, TX 85317-6815', '55285', 'Madonnaport', 14, '$2y$10$kqbOWK9YmUe8I/7wjxqv6u1aQOuxTHZbWoeNs4CSnFOtb7A/ZDy3W', 1, 'http://lorempixel.com/640/480/people/?18351'),
  (11, 'fmaggio', 'shields.lambert@yahoo.com', 'Annalise', 'Beier', '1947 Reichel Creek\nDeondreberg, DE 56470', '64510-2761', 'North Duncanfurt', 14, '$2y$10$VyFR41rEDTNXJ7rCsO.88utE4ARRdYCyGdnVOxl0C8qk9VrrKMJ26', 1, 'http://lorempixel.com/640/480/people/?80120'),
  (12, 'stewart95', 'kuphal.reinhold@yahoo.com', 'Jordan', 'Sauer', '180 Gulgowski Rapids\nReingerton, TN 88721-9854', '26856', 'Port Odaberg', 33, '$2y$10$MS/4DFjuYJx4hUIVRxyJjO2g4pZ2snZS6C1lzmEO9BxUCwuoK6ihm', 1, 'http://lorempixel.com/640/480/people/?80561'),
  (13, 'barton.aurelia', 'vernon.bergnaum@gmail.com', 'Ralph', 'Ritchie', '312 Conner Summit Suite 700Balistrerifurt, PA 54831', '23081-6179', 'East Rubie', 238, '$2y$10$sIqUQdpvSqXXi13YSsL9v.owDqtr7ToFJBCk6EoX6eFaUAgjOC6p.', 1, 'http://lorempixel.com/640/480/people/?70765'),
  (14, 'pspinka', 'justice.cartwright@hotmail.com', 'Vincent', 'Wisozk', '706 Ondricka Skyway\nHudsontown, IL 34076-6140', '96112-1582', 'Reeseport', 14, '$2y$10$8RrALNwNbzG6wRraR3C7zO6kDIYZGRYOjiNKJc4Wi5X0OcJWYcgTy', 1, 'http://lorempixel.com/640/480/people/?53107'),
  (15, 'idach', 'makenzie.douglas@gmail.com', 'Ari', 'McClure', '9659 Davis Port Apt. 628\nWest Joview, IA 46947', '14647-5033', 'East Dusty', 14, '$2y$10$4NHRErkmqKMavF3T3wAH2OZZMlQIQcIH7AKqS1BOPSjC86m0eFxRq', 1, 'http://lorempixel.com/640/480/people/?96082'),
  (16, 'arnoldo44', 'sabrina.satterfield@hotmail.com', 'Reynold', 'Gutkowski', '28718 Wendy Glen\nLynnborough, AR 01202-1826', '95876', 'Kozeybury', 14, '$2y$10$0OJxiXPZAvjoDvMViHuw1.ae9hcNoIYhRE4wHjtZf13he2Igw0Ih.', 1, 'http://lorempixel.com/640/480/people/?92725'),
  (17, 'riley.quigley', 'dfritsch@murphy.com', 'Walker', 'Gleichner', '456 Hilario Well Apt. 434\nEast Amalia, TX 72647-8730', '52638', 'Russelfort', 229, '$2y$10$oTCDh5VUsUEHgmqe4I2ot.tLpNXwiIr4evPO1fw.fos0NhxJGUWPu', 1, 'http://lorempixel.com/640/480/people/?82690'),
  (18, 'gislason.sunny', 'sawayn.misael@prohaska.net', 'Jamel', 'Cummerata', '46719 Sigrid Junctions\nVernafurt, ND 37479', '71292', 'Colestad', 33, '$2y$10$bZamjprDLHUrv5JlLOWCuuxj2EGYhoesq54tfBELHaktoOk5rDaym', 1, 'http://lorempixel.com/640/480/people/?75605'),
  (19, 'davis.kiel', 'yoshiko86@hotmail.com', 'Carolanne', 'Miller', '3215 Joesph Canyon Apt. 568\nTurcotteton, MD 12977', '18295', 'Smithammouth', 33, '$2y$10$tqFWbEP6.t4WIHCpkPqAPe.tKORfuLTcGaxUzeu92JY1xVetVdkg.', 1, 'http://lorempixel.com/640/480/people/?22854'),
  (20, 'turner70', 'jpowlowski@gmail.com', 'Vance', 'Schamberger', '59233 Tanya Coves\nPort Gracebury, DE 67602-4799', '65392', 'Lake Curtis', 14, '$2y$10$GNQeHpVwMTysXemEyq910OCCXcwRg/c3MlvdV6Ef/bjG1fxJJGzA.', 1, 'http://lorempixel.com/640/480/people/?51389'),
  (21, 'delmer.rosenbaum', 'aharber@yahoo.com', 'Gabriella', 'Tillman', '2179 Murray Springs\nSouth Hillaryland, NJ 60888-3676', '90305-4102', 'Noraborough', 229, '$2y$10$STv69CqO6o2K4KQkRo0PIuRsRN4ArLM2LWU6GB/uxNdSMaTW5NyCW', 1, 'http://lorempixel.com/640/480/people/?42558'),
  (22, 'mortimer.grady', 'qhauck@hotmail.com', 'Jordyn', 'Moen', '1268 Victoria Drive\nEast Talonview, MA 07550', '54714', 'East Carolynville', 33, '$2y$10$iWyLGVw1ovHiPn/59abGUOCcA5S4CHiKhFO3IPCtDt1JfMWlHm9jC', 1, 'http://lorempixel.com/640/480/people/?89675'),
  (23, 'gulgowski.joesph', 'ondricka.brett@bailey.com', 'Mafalda', 'Langosh', '616 Andy Glens\nShieldsborough, DC 34575', '10891', 'Jastmouth', 33, '$2y$10$7jctVGT7QXE8pZx4VVAoa.x49Eegk.wqnlQN4uj.j1G2UkZpotKhW', 1, 'http://lorempixel.com/640/480/people/?95811'),
  (24, 'justine86', 'nader.allison@hotmail.com', 'Aleen', 'Wilderman', '93514 Vallie Hill Apt. 777\nSedrickchester, IN 25050-8520', '17943-0501', 'Jackyshire', 14, '$2y$10$gO0bwfPubYUsvXswaQSJBOBOi9b2KVWtp51s11u8VHZ.oxPbWOr5S', 1, 'http://lorempixel.com/640/480/people/?66579'),
  (25, 'oscar20', 'wyman59@hotmail.com', 'Perry', 'Bogisich', '1344 Walter Highway Suite 469\nLake Deontaeview, VT 01144-6479', '53046-9414', 'South Cleoside', 33, '$2y$10$QzJvGbgw6rUht9gE4ORr0ur1PjLJecIXgScZQhKg6O4jAvZfXGyve', 1, 'http://lorempixel.com/640/480/people/?41580'),
  (26, 'misael23', 'alysha22@hotmail.com', 'Brady', 'Langworth', '315 Derek Court Suite 413\nGottliebville, UT 01505', '31729-1356', 'Melbaberg', 229, '$2y$10$gDeiDAwBcDvE0pyVOJCZXeePP2oobmwSrHFgozJd8XRkXbATv3zAa', 1, 'http://lorempixel.com/640/480/people/?80236'),
  (27, 'phettinger', 'gleichner.trent@flatley.com', 'Isaiah', 'Hammes', '3258 Batz Plains Apt. 041\nEast Dominique, PA 84117', '21825-6804', 'Langstad', 229, '$2y$10$Z.L6aK2fKeW036/vkUeODu3Z.MqjApSKwuC3zp56k9me8f5vtd0/O', 1, 'http://lorempixel.com/640/480/people/?26961'),
  (28, 'penelope.blick', 'zion.gottlieb@hammes.com', 'Kristin', 'White', '18691 Kemmer Corners\nSouth Dereck, WA 17833', '76063-6665', 'Lambertstad', 229, '$2y$10$0fV2jLtat9uOsKKZDy7zt./lzsuvtt.eE/8kCeYm0Ei4uS80Dzumm', 1, 'http://lorempixel.com/640/480/people/?22269'),
  (29, 'greenfelder.gust', 'howard45@hotmail.com', 'Alycia', 'Schultz', '423 Bulah Mountain\nWilberfort, DE 61898-3676', '51221', 'Maiyafurt', 33, '$2y$10$9zv9Me3xC4ZBfO/8mGuZfOUdWUVep9ylELs30WyDFGu15VYWzcbGu', 1, 'http://lorempixel.com/640/480/people/?78952'),
  (30, 'legros.sydnee', 'amya.reichel@waters.com', 'Zola', 'Jaskolski', '8029 Conrad Row Apt. 945\nEast Kaleighfurt, RI 91296', '90601', 'O''Connerburgh', 33, '$2y$10$jwV0/RpG0F18xV6HO.sz6OFHiqzrP7KHsum4KnTwhWnnMS8siZkOu', 1, 'http://lorempixel.com/640/480/people/?22406'),
  (31, 'denesik.clotilde', 'bert56@gmail.com', 'Leilani', 'Jacobi', '30889 Elmo Keys\nNew Miltonton, TX 38808-1182', '31109', 'Alfredmouth', 229, '$2y$10$/41h04ud0//yIhmyKihP4.748tuZAsX2Vdss5rFRUOdyItM0K/49S', 1, 'http://lorempixel.com/640/480/people/?21668'),
  (32, 'cmcclure', 'alexandre.collier@yahoo.com', 'Linnea', 'Homenick', '12661 Darlene Lane Apt. 824\nWest Constance, DE 45876-7731', '87967-7779', 'East Houston', 229, '$2y$10$PNQneAW8is6ZPSRXXJ0kV.KWsw2KBix.aD3m1Z4VxDJ.moFU5fTUu', 1, 'http://lorempixel.com/640/480/people/?64264'),
  (33, 'myron.volkman', 'wallace16@bernhard.com', 'Karianne', 'Douglas', '2445 Jerde Field Suite 591\nHilllfort, OR 87771-7723', '83362', 'Kihnview', 14, '$2y$10$wYOU/Hy8kT7PssoX2ZULLOJVgVjIVXlg9BqxbE7CHSMP/14ipY.lK', 1, 'http://lorempixel.com/640/480/people/?96000'),
  (34, 'isai.brekke', 'lueilwitz.gino@yahoo.com', 'Dion', 'Mertz', '52219 Bashirian Land Suite 220\nLake Naomie, TN 88189-5166', '22854', 'Calistaburgh', 229, '$2y$10$Pw.q67cCbDnMTDIs8.hEyOR5uVxW3ZIVh31NyIgswoOZClszPC8Wu', 1, 'http://lorempixel.com/640/480/people/?76578'),
  (35, 'feil.lewis', 'gerhold.ernesto@dibbert.info', 'Lilla', 'Hirthe', '63598 Upton Extensions\nEast Liana, CT 09015-4257', '67055', 'Dickimouth', 33, '$2y$10$AmyFzPJIK7/8loAM7crUI.N59g.KkRv0WGG6yVMICYG/X/nicrG7S', 1, 'http://lorempixel.com/640/480/people/?25051'),
  (36, 'yhammes', 'vandervort.erica@yahoo.com', 'Edna', 'Rice', '756 Kaci Valley Suite 390\nWest Marcelfort, SD 65217-0223', '34753-1944', 'Bennieshire', 14, '$2y$10$jR/ECAeBzZ0pYl0LKV62..HcluRspjvUgoP.c/rt2PRKCiGW1zyqu', 1, 'http://lorempixel.com/640/480/people/?69216'),
  (37, 'hpowlowski', 'osbaldo.yundt@effertz.com', 'Kale', 'Pagac', '8358 Ariel Radial\nGradyburgh, HI 88415', '95878', 'Port Sabrinaburgh', 229, '$2y$10$BDnwYdWC0ykViFDLnDG6We48DR6ubjsGTmMZ0Z3h3tud59v6wDMH6', 1, 'http://lorempixel.com/640/480/people/?13582'),
  (38, 'renee.schowalter', 'kbernhard@heathcote.info', 'Nicole', 'Strosin', '7639 Vita Locks\nSouth Antoneburgh, NV 60913', '37336', 'Port Adellaside', 33, '$2y$10$c5.Xe5AFuVPdwcnF1A3K3uLtuJ6Zf05IkERp3FBmBJzKk3WTpwB2y', 1, 'http://lorempixel.com/640/480/people/?73482'),
  (39, 'katheryn41', 'flavio.kerluke@schneider.com', 'Heath', 'Dietrich', '78059 April Avenue Apt. 357\nLake Abigailfurt, WY 11240-4178', '14018', 'Goldenchester', 229, '$2y$10$PuPS8Ti7BlfOLEhFmYmrJeiDqJipG0FjM19dVwrRQFbxBvUO0I0Om', 1, 'http://lorempixel.com/640/480/people/?92283'),
  (40, 'hester.borer', 'jalon83@schmitt.biz', 'Alverta', 'Lindgren', '4564 Greenfelder Passage Apt. 782\nLake Oswaldfort, DE 56348', '81750-6880', 'East Judson', 14, '$2y$10$Ish/rHQC5Y7DRPMKdtlCROgMJgukzDsBfsw5ULenfVRp6wtt1MyNS', 1, 'http://lorempixel.com/640/480/people/?45952'),
  (41, 'crosenbaum', 'lynch.abagail@hotmail.com', 'Jude', 'Denesik', '8431 Janiya Crossing Suite 901\nLeliaport, AL 59249-1956', '35222-2306', 'Lewisshire', 14, '$2y$10$L9qE.eUWhhGgadieTRm5EONl5QpsaCpUFu9DNH/OVf1J2rLqjtXCO', 1, 'http://lorempixel.com/640/480/people/?36711'),
  (42, 'arnold.marvin', 'lubowitz.patsy@hotmail.com', 'Madison', 'Eichmann', '3331 Satterfield Club\nLake Rethaborough, MN 90372-1272', '56951-7082', 'West Reeseton', 33, '$2y$10$2IjFedzxg0.gpaAN3K5WUOUjlW7Tuyiu5eK9RLMTR4B8pw2wEtdum', 1, 'http://lorempixel.com/640/480/people/?39980'),
  (43, 'pstokes', 'alf21@daugherty.com', 'Trinity', 'Mayert', '5180 Beatty Mount Apt. 690\nKeeblerhaven, NE 30920-7973', '30743', 'New Jolieshire', 33, '$2y$10$CFqTV6h5iSWexUbjutBXTuPYf6d9v3Xk9Yt9pCfFk73aFkn886v.6', 1, 'http://lorempixel.com/640/480/people/?40729'),
  (44, 'delphia87', 'celia.powlowski@kihn.com', 'Nicholas', 'McKenzie', '1049 Aiden Center\nSouth Remington, WA 43074', '10680', 'Myriamstad', 229, '$2y$10$cR/xnizjHFq/b.khrwEKWO6N2saj0OgP1PjezcR65HL7o9UNvPRGC', 1, 'http://lorempixel.com/640/480/people/?75564'),
  (45, 'saul17', 'ross12@zemlak.com', 'Waylon', 'Becker', '190 Easter Villages\nNorth Keely, SC 83299-5217', '63701', 'Dickinsonbury', 229, '$2y$10$VwvXFG85WH3.P9KO2acBGux9FwAMolUkI6UAfbj63Etr56atSdrSK', 1, 'http://lorempixel.com/640/480/people/?17380'),
  (46, 'nellie.halvorson', 'mekhi61@hotmail.com', 'Anthony', 'Raynor', '6678 Orn Shores Apt. 643\nNorth Maudland, ME 87081-5564', '16044', 'East Edgardofort', 14, '$2y$10$VX3GuHk84vdYnZ8NVrsu0.TQZtQ2nPSO62FIiZj/xmSFB8Jmx1YEK', 1, 'http://lorempixel.com/640/480/people/?26956'),
  (47, 'stokes.idell', 'asa.emmerich@yahoo.com', 'Meagan', 'Prohaska', '296 Torp Corner\nSouth Adolf, HI 48625-5122', '66853-9908', 'East Griffinfurt', 14, '$2y$10$WMe3p7zcJlgynUqP2MFeyORtV9PHnZkumGt6gyMNgBQTEWtQa5/Oa', 1, 'http://lorempixel.com/640/480/people/?63420'),
  (48, 'einar78', 'waelchi.haylie@yahoo.com', 'Maryse', 'Spencer', '968 Jacobson Rest\nZachariahport, TN 27572', '11265', 'East Lorenside', 33, '$2y$10$z34WCPOwZGh6r0guu/rSpOjzKh1EFzV71ys0wlImEJQbpwvTj0VDu', 1, 'http://lorempixel.com/640/480/people/?26542'),
  (49, 'baylee.larkin', 'christiansen.sylvia@cassin.net', 'Halie', 'Heidenreich', '911 Destinee Track\nErdmanton, NV 68009-0242', '94302', 'Schummport', 229, '$2y$10$YLWRn.Gcav0BnuEx12/26umMGPVFpJlONutNgtERULUoqK49weZkG', 1, 'http://lorempixel.com/640/480/people/?48062'),
  (50, 'cschulist', 'kquigley@lang.biz', 'Estella', 'Rippin', '30580 Gutmann Trail\nPort Arnoldo, ME 59080', '10692', 'North Donatomouth', 14, '$2y$10$o..7KdgicuwHElrXj1/EKuuiWw8Fw8Mxf/6uYC6dGrHPkVMcCZebu', 1, 'http://lorempixel.com/640/480/people/?18915'),
  (51, 'boyle.monserrate', 'bkoch@gmail.com', 'Delta', 'Macejkovic', '80713 Favian Drives\nSchroedertown, HI 92659', '89303-5147', 'Port Bart', 33, '$2y$10$F0KRE7XtiDtNKTAjq03bMOilRWXOf8qrrPJofVLg0uYex02RSBwPq', 1, 'http://lorempixel.com/640/480/people/?25756'),
  (52, 'amina05', 'timothy62@dare.org', 'Wanda', 'Stroman', '284 Estrella Mountain\nBednarfort, NH 20812', '98008', 'Chaimberg', 33, '$2y$10$IwrxH3K25vg/rVgtwCavaO13ICqPvCvQzQhi13IVXZoLAeAdDn09W', 1, 'http://lorempixel.com/640/480/people/?70382'),
  (53, 'trantow.janet', 'ianderson@abbott.com', 'Emil', 'Schumm', '1714 Rod Pass\nWest Piper, LA 33527', '55804-5093', 'Port Jaspermouth', 33, '$2y$10$1WY/AmwFnl9LjAOz9BXM5eNQuuLCwKrWDXZk1qHY4OYjIkME6Ddu6', 1, 'http://lorempixel.com/640/480/people/?37619'),
  (54, 'river13', 'issac.lakin@yahoo.com', 'Amira', 'VonRueden', '55721 Koss Viaduct Apt. 064\nPort Hymanfort, VA 34096', '82659-4834', 'Port Marjolaineborough', 14, '$2y$10$SW4x4Gw44Ym7DIqwHLMCQOK2HVZC5iILnSADm6FELCfChilggUonO', 1, 'http://lorempixel.com/640/480/people/?70397'),
  (55, 'lbartoletti', 'kathlyn50@hotmail.com', 'Eva', 'Kuvalis', '3127 Rogahn Pines\nWest Era, MD 07110-2347', '43620', 'West Mark', 229, '$2y$10$2CS00ivZmRBgyp5UOP35He5LEQEYjKbpnU0pSoviu1BQMOl6Hf/O.', 1, 'http://lorempixel.com/640/480/people/?11640'),
  (56, 'fay.wilmer', 'cody48@gmail.com', 'Georgette', 'Funk', '1301 Hahn Orchard Suite 759\nWest Mauriciofort, NV 31643-8047', '17851-0137', 'Kreigerland', 14, '$2y$10$0.ijjh912Fm1tFWXIrEKeOHwPQhrffqkKa2EYPj9m12gS0qhMBO.e', 1, 'http://lorempixel.com/640/480/people/?11164'),
  (57, 'samson88', 'oma.schaefer@gmail.com', 'Sophia', 'Stark', '212 Douglas River Suite 277\nNorth Benedictborough, CA 55006', '12533-3649', 'Tracyberg', 33, '$2y$10$VCB9qr8bPSh0KDNpzwmpxO6HKxG/GqQ43jyAV5d76pvFEZfni/vgC', 1, 'http://lorempixel.com/640/480/people/?16731'),
  (58, 'yost.bartholome', 'mparker@schuppe.com', 'Alan', 'Okuneva', '83918 Julio Vista Apt. 464\nSouth Jazmynebury, NJ 19548-3123', '88633-7950', 'Sylvesterborough', 229, '$2y$10$VDkhTWsxYSz4o6/48shHyOh9vkl4MnpXr/5hAevfPUdXMMw5yZwYq', 1, 'http://lorempixel.com/640/480/people/?64145'),
  (59, 'willms.daniella', 'beer.leo@yahoo.com', 'Brooke', 'Heidenreich', '10860 West Cape\nZorabury, NE 23195', '79071-1382', 'Nedraville', 33, '$2y$10$.Y.VdEc05izCHhJakJvUY.fDU6LFGB3PBIgqshH0JSSd670VRwbFe', 1, 'http://lorempixel.com/640/480/people/?73886'),
  (60, 'okuneva.gust', 'shania77@feest.com', 'Ines', 'Skiles', '10854 Derick Locks Apt. 829\nEmmetfurt, ND 39090-6644', '45851-1574', 'Domenicoport', 33, '$2y$10$wx374IgRaMKoh1XM3zmgZupwGyMQj9KbAXxHWFXhLpFwUkFyPZT96', 1, 'http://lorempixel.com/640/480/people/?71599'),
  (61, 'leatha87', 'wfadel@yahoo.com', 'Millie', 'Leffler', '76451 Ferry Brooks Suite 074\nEast Maurice, WV 39681', '35266', 'South Johnsonburgh', 14, '$2y$10$SURioQpbwaBOv2Xp45A2teBzO3YKY3bz9AuFqz5NNRiEEPwDn3VtG', 1, 'http://lorempixel.com/640/480/people/?56082'),
  (62, 'lemke.violette', 'pouros.josiah@toy.biz', 'Chloe', 'Ondricka', '59993 Otho Islands Apt. 391\nWest Bridgette, ME 59689-3582', '93251', 'Stanside', 14, '$2y$10$jr/HMrxFb7gWVFIWyE3D5O0MVoG77XgUsqrv3zEVH1qDGkRBGnndy', 1, 'http://lorempixel.com/640/480/people/?97449'),
  (63, 'margot14', 'satterfield.eda@hilpert.com', 'Syble', 'Fadel', '10716 Orn Street\nEliseoton, CO 36668', '46241-1554', 'North Domingo', 33, '$2y$10$/rblXI6NCywTHHug7Bn3v../Wdyj8Jo4zJR9NKiuH.ccngfZ1a0c6', 1, 'http://lorempixel.com/640/480/people/?11005'),
  (64, 'russ49', 'giovani.kreiger@hotmail.com', 'Ova', 'Pagac', '8815 Marquardt Isle\nBernhardbury, TX 07869', '09963', 'Jerelville', 14, '$2y$10$Cg6wwgffq8Rh5sh55EqUFe8Wg2GcrXmyv9IkA76JScD0Dr/WMK2Cm', 1, 'http://lorempixel.com/640/480/people/?36971'),
  (65, 'anika.torphy', 'owen11@gmail.com', 'Genoveva', 'Corwin', '812 Turner Keys\nPinkbury, OK 87379', '31471', 'Wittingfurt', 14, '$2y$10$SFlPSCC4ZN1IdBMz2atWu.PNcU1dCalJqSK5fWWCUdffJ6F4mkaOW', 1, 'http://lorempixel.com/640/480/people/?31910'),
  (66, 'jeramy76', 'helga.gislason@yahoo.com', 'Skylar', 'Tillman', '248 Brakus Radial Apt. 690\nGulgowskihaven, MO 25098', '43192-4737', 'Macejkovicmouth', 229, '$2y$10$NfhqMS25ut5J4PXBY95rOet0iBfE8mbSvNBLtxj1jEY.DxYGFWIE6', 1, 'http://lorempixel.com/640/480/people/?78721'),
  (67, 'oharber', 'droob@abernathy.com', 'Andy', 'Schimmel', '93067 Vandervort Pike Suite 924\nWest Pattieshire, WA 51012-1074', '37329', 'West Jeremiehaven', 14, '$2y$10$AvoFlTF427IHSaCUkeUICu/ha0wyt.YqAiNRaGg3eWQJbzzXs44Qi', 1, 'http://lorempixel.com/640/480/people/?47048'),
  (68, 'murazik.loma', 'devonte93@hotmail.com', 'Marlee', 'Littel', '684 Megane Glen Suite 332\nWest Alycialand, UT 92432', '41541-6365', 'Jacqueshaven', 33, '$2y$10$9xaDhBbeMYpmvLFLlbJ/yOrpA4c03SpoKCG8.H71XPm1xu1fTgfv2', 1, 'http://lorempixel.com/640/480/people/?16626'),
  (69, 'lyric.shields', 'lavada73@gmail.com', 'Clotilde', 'Russel', '27816 Shad Summit Suite 158\nBoyleton, WI 57801-7601', '74404-3800', 'Lake Peter', 14, '$2y$10$/S2mrDJw2O8dYJHAr15oPOVHJEqqYgtSSKf60r003QDMFRlS4pVHa', 1, 'http://lorempixel.com/640/480/people/?11326'),
  (70, 'morissette.jeffry', 'sparisian@gmail.com', 'Allie', 'Abbott', '153 Jammie Green\nStromanville, MS 88801-0523', '54506', 'McCulloughbury', 33, '$2y$10$TGCaGwyd/JTuMKRCxiAlbuaW4E/jKYGna6/lvCL.UttIj7Jy6E4nu', 1, 'http://lorempixel.com/640/480/people/?13590'),
  (71, 'dubuque.lindsay', 'cummerata.ada@gmail.com', 'Maximus', 'Monahan', '9446 Lue Villages Apt. 496\nEast Adrianna, CT 80662-0108', '29668-5237', 'Port Marquesmouth', 229, '$2y$10$qqhpI8jOF/IAYSapUmBF8uKWlrNFHDlV89q7NVmk3mOZsnZqomk/W', 1, 'http://lorempixel.com/640/480/people/?94569'),
  (72, 'xhirthe', 'stewart70@gmail.com', 'Anahi', 'Rempel', '71749 Schneider Loaf Apt. 869\nSouth Monty, OH 05131', '29947', 'Molliefort', 229, '$2y$10$p660wFnyyr94OYGZIMzxZuHlHlKbTjpgXV1EjBakAD72wQXBoOc4y', 1, 'http://lorempixel.com/640/480/people/?11683'),
  (73, 'oshields', 'clement.weber@yahoo.com', 'Nelle', 'Greenfelder', '1984 McDermott Common\nViolaburgh, NY 25159-5701', '67119-9083', 'Doyleburgh', 229, '$2y$10$UQDAbi2.nJiM1prOD/rVb.H17ILgjQJYeh3Qz5IlsMxCq8DtBBaW2', 1, 'http://lorempixel.com/640/480/people/?95552'),
  (74, 'neva20', 'xbraun@hotmail.com', 'Paolo', 'Cartwright', '4556 Roy Plains Suite 545\nLouhaven, OK 87092-9266', '05549-5328', 'Vonshire', 33, '$2y$10$nxCclEIAkar0RsyGKWwwSeJTeGIDSVGO.eNKcyWo/OFTaCEz01hO.', 1, 'http://lorempixel.com/640/480/people/?35337'),
  (75, 'howard.olson', 'rblick@hotmail.com', 'Mariam', 'Bauch', '118 Katarina Common Apt. 741\nEast Francomouth, DE 80763-9743', '42069', 'South Conrad', 229, '$2y$10$uSodcd2po.caeiX2WWJxPekL1Hy8UcyVGUat8g9IZ.2jIYvHy2Wv.', 1, 'http://lorempixel.com/640/480/people/?98024'),
  (76, 'wrempel', 'block.noemie@hotmail.com', 'Toy', 'Kirlin', '6761 Beatty Courts Apt. 349\nTorphyview, NV 91121-4415', '58397', 'Gislasonberg', 14, '$2y$10$D1z24GRq7S2sOHWA6q6WwOhZVYGYBGtG.UYWQD.j0uIlpzXqAZIk2', 1, 'http://lorempixel.com/640/480/people/?60971'),
  (77, 'lamar45', 'imelda.kuhic@kovacek.org', 'Chelsie', 'Heller', '2531 Jeromy Square\nFayborough, WA 84315-2886', '32803', 'O''Konshire', 33, '$2y$10$ifN819iIKbzlxqfN24R/v.4lmFh3KRJ50JLP/SG6f7ooxBk/SslWa', 1, 'http://lorempixel.com/640/480/people/?56531'),
  (78, 'jennie.willms', 'elaina.balistreri@gmail.com', 'Nelson', 'Auer', '173 Grimes Trail\nDeckowtown, AK 15775', '23138', 'Kemmerburgh', 33, '$2y$10$ZtrHzLFcZZ2fqWCmEMc/oOeWMcn1igauOvDEm1JwdhHWyvU6Q/.pS', 1, 'http://lorempixel.com/640/480/people/?40555'),
  (79, 'sreilly', 'kmarvin@hotmail.com', 'Cleveland', 'Wyman', '98427 Cartwright Viaduct\nLindgrenfort, TX 66220-7743', '09608', 'Lake Constancetown', 229, '$2y$10$pqwrH8spCAgbEbk/y4EORev78Mf69uP1Lyha9eTWpCmqIo9kkJSZW', 1, 'http://lorempixel.com/640/480/people/?10609'),
  (80, 'jarrell.grant', 'moberbrunner@turcotte.info', 'Tyler', 'Cartwright', '9505 Pat Rapids Suite 367\nKshlerinberg, MS 49614', '61845', 'North Alexafort', 14, '$2y$10$K633XKxafY0qgnkd1.2y4eFXLaUdZuHQeNFCTqvVlWG4/QUf03oXm', 1, 'http://lorempixel.com/640/480/people/?89448'),
  (81, 'hagenes.elisha', 'heller.gerry@kozey.com', 'Winston', 'Veum', '84320 Williamson Circle Apt. 993\nSusannaport, ME 08718-0682', '27356', 'Heidenreichhaven', 33, '$2y$10$wFVtgsyhEeKfqQg/BToaiuCce/a47iSdmv5PRMvOb40malICCHB2e', 1, 'http://lorempixel.com/640/480/people/?71881'),
  (82, 'blake.reichert', 'mossie75@mosciski.com', 'Andre', 'Zulauf', '8132 Aisha Brooks Suite 918\nHartmannshire, CT 80598-2160', '72062', 'Ameliaburgh', 33, '$2y$10$vf2RCOglhpuYHGoLDB27duR7Q10yvllBBlAzAOXw73pWOmVNhNRdG', 1, 'http://lorempixel.com/640/480/people/?71910'),
  (83, 'kendrick.kshlerin', 'beverly.muller@hotmail.com', 'Tamara', 'Hettinger', '832 Mraz Creek Suite 686\nNorth Megane, RI 56361', '59881-6266', 'Morissettefort', 229, '$2y$10$wH6YOBwKrBwipmiqMpym0.GAovJdG88AIRFG5P1larVPsaQ4Ax5Hy', 1, 'http://lorempixel.com/640/480/people/?19795'),
  (84, 'ferry.santino', 'hansen.gregoria@gmail.com', 'Emelia', 'Franecki', '3172 Florian Islands\nNew Tania, NM 30350', '99989', 'Lillianshire', 229, '$2y$10$xAKbR6aiqZUGxn7HLZHKaOEoJjNFfJCVqXUm15jKfC.z6hXvW96Z.', 1, 'http://lorempixel.com/640/480/people/?53844'),
  (85, 'mark56', 'ngrimes@marquardt.com', 'Nathanael', 'Beahan', '12210 Schamberger Freeway\nPort Dave, OR 33916-1425', '99641-2185', 'North Granville', 33, '$2y$10$202uuYqwvRZzW6XVw5D2JuaPnaNQNCO/olNki68AleN1xYPmjTztq', 1, 'http://lorempixel.com/640/480/people/?83226'),
  (86, 'wankunding', 'gaylord.avis@nolan.com', 'Shana', 'Batz', '34487 Godfrey Shores\nWest Verner, KY 74760-9176', '58642-0256', 'East Aracelistad', 33, '$2y$10$YO4ltdwoMVjprNuOjZgqHe/1F6fW57sSDg9h41FkvWcudaN0Sg4pK', 1, 'http://lorempixel.com/640/480/people/?31225'),
  (87, 'meda.connelly', 'cormier.presley@gmail.com', 'Margaretta', 'Hills', '3382 Frami Pass\nFilibertoview, MI 39922-2649', '19938', 'Darianside', 33, '$2y$10$coY0LT42UUbyTH026os4funxzslCqsl8cdPr88i5q7hGDsOhj6Euq', 1, 'http://lorempixel.com/640/480/people/?87196'),
  (88, 'sgoodwin', 'elody39@bartell.com', 'Velma', 'Bode', '238 Mohr Rapid\nSouth Elisaview, MN 25988', '45268', 'Port Krystinafort', 33, '$2y$10$Bu/cExVnGwo5HhXSZb4xe.hgd0Cccv0Xq2NOkv93spOUAFLnMPvTC', 1, 'http://lorempixel.com/640/480/people/?16849'),
  (89, 'hdietrich', 'mackenzie.beahan@gmail.com', 'Jennyfer', 'Kshlerin', '4183 Reilly Ferry\nSanfordmouth, AL 96448-8705', '02797-6911', 'Rolfsonside', 229, '$2y$10$X6inh8BytzrUeo1RnumcwOpcvC7Do/f7YtYYHyT6rQ7tXQupamo9O', 1, 'http://lorempixel.com/640/480/people/?29396'),
  (90, 'baby.hammes', 'wbruen@hotmail.com', 'Abby', 'Beatty', '4421 Kara Mission Apt. 824\nNicolettehaven, DC 04809', '35157-7855', 'East Lee', 229, '$2y$10$dCrBMzKIbDYgyMNuBulYM.cnY7y4GEsLyHcvV/qAKDqFvwfs1J1MS', 1, 'http://lorempixel.com/640/480/people/?40515'),
  (91, 'russel.leif', 'montana87@gulgowski.com', 'Claudia', 'Stroman', '15934 Isabell Orchard Suite 799\nPort Llewellyn, MI 38342', '75432', 'Berniermouth', 229, '$2y$10$PvKej/1vnhZEfruXmScOMehGiUBZWyjIWfxoBVKLFDXGlzAnSuO/a', 1, 'http://lorempixel.com/640/480/people/?16511'),
  (92, 'esawayn', 'willard.feest@ondricka.com', 'Braden', 'Greenholt', '685 Noah Mill Apt. 675\nKertzmannmouth, MA 55957-4113', '88631-4819', 'Jamieton', 229, '$2y$10$yhh02v1HErLMRcSshbT9I.OmWdR6E3FltjL47l5eRzW1eDp8MK6m6', 1, 'http://lorempixel.com/640/480/people/?35064'),
  (93, 'stanton.jimmy', 'llewellyn35@gmail.com', 'Adalberto', 'Tillman', '968 Oswaldo Cliff\nEast Krismouth, MT 65366-7767', '31277-6232', 'East Noreneview', 229, '$2y$10$3JkEC.bm5ZG/Vi8uMEX9BOiohTVBMiFmLV7DIc.DzTtcLTvMP7Ffe', 1, 'http://lorempixel.com/640/480/people/?89248'),
  (94, 'hhodkiewicz', 'vallie.barton@yahoo.com', 'Bradford', 'Hegmann', '3692 Collins Tunnel\nPort Sydnee, CT 69414-0050', '13663-5893', 'Torpport', 14, '$2y$10$YdpvX3sV22XXfOnLnzln2OOmTvxgXgz6kxmR2S1LzfxPje91tqViu', 1, 'http://lorempixel.com/640/480/people/?30442'),
  (95, 'dejuan.lind', 'bcremin@gmail.com', 'Kaylin', 'Bednar', '78453 Estefania Course Apt. 671\nKautzerchester, AL 63419-5843', '76694-9571', 'Brakushaven', 33, '$2y$10$3xC9iZd6jHDYOZ/LNhNzluKITYEgusb3.aHRtUxB3uTeO1O3MAchO', 1, 'http://lorempixel.com/640/480/people/?31168'),
  (96, 'schinner.marilie', 'bhand@yahoo.com', 'Max', 'Tillman', '901 Dillan Shoals\nRaquelburgh, WA 22775-2600', '53166-1480', 'Hellerchester', 229, '$2y$10$6SSB8EZvede71KsX61oNBujhzIFiBLP2sRLPlPbXjonSkTWck1Fse', 1, 'http://lorempixel.com/640/480/people/?95651'),
  (97, 'amelia.bauch', 'tturcotte@simonis.com', 'Garry', 'Morissette', '3394 Kiara Wall\nAlbertborough, MT 74658-8996', '79369', 'New Enriqueborough', 33, '$2y$10$6MBe8W95y4.bH7/u899ic.uf0M7ff0EJLGFAkCuyrG6Yxj3EkEn3G', 1, 'http://lorempixel.com/640/480/people/?16866'),
  (98, 'tremayne49', 'adaline85@yahoo.com', 'Shyann', 'VonRueden', '32914 Brakus Loop Suite 046\nSouth Ferminhaven, CT 79210-9112', '54734', 'Gutkowskiburgh', 229, '$2y$10$OrhQ9wAbfjB.wBtoEoIoA.JF9I5IlKZdT.Om5QDCF6LQUT9YDc5ea', 1, 'http://lorempixel.com/640/480/people/?10622'),
  (99, 'ltremblay', 'mattie.emmerich@wolf.com', 'Gregoria', 'Spencer', '425 Okuneva Extensions Suite 654\nSouth Joeybury, OR 66810', '74893-0635', 'Port Roslyn', 229, '$2y$10$PuLhwfFMV44z60TyqUtGqe1yr9F.TNz2IVhw1M2r3mnEPTjPyukmW', 1, 'http://lorempixel.com/640/480/people/?61930'),
  (100, 'loren65', 'skiles.shemar@gmail.com', 'Lou', 'Hahn', '21903 Tess Harbor\nBoganville, CT 07451', '08785', 'New Gianni', 229, '$2y$10$Xm4k67bDiHO7Z81jc2I7f.1V4crnI422eBYRC/Q2o14H2GC0IJrSy', 1, 'http://lorempixel.com/640/480/people/?53861'),
  (101, 'abagail02', 'dtrantow@okuneva.biz', 'Alysson', 'Cormier', '8375 Johnathan Pike Apt. 174\nNorth Lavina, SC 99736-0079', '09667-1506', 'Port Rosendo', 229, '$2y$10$wmQy3xqRMLrnqLsrsFF7H.bjH.TKtMIhjX9XGl2ffRN2z87UI3Rpa', 1, 'http://lorempixel.com/640/480/people/?49195'),
  (102, 'rosetta69', 'nkreiger@collier.net', 'Jameson', 'Wiegand', '1998 Alene Unions\nCarolinefort, NV 01711', '88836', 'East Cloydfurt', 33, '$2y$10$0JNQn3U8pGeHAUftX28AX.TFIf.OOn0tjWyHX2o6nJ3AZvmWjdgyi', 1, 'http://lorempixel.com/640/480/people/?36565'),
  (103, 'kassulke.jayde', 'hanna.batz@dooley.com', 'Kaylee', 'Haley', '6249 Nitzsche Crest Apt. 258\nSouth Victoriachester, WV 91123-0954', '33420-1786', 'North Izaiah', 14, '$2y$10$YlyMEdd0oBXgohov1zOIHeizy0adI9SavIbArZI4hEHNWDaTf9H9O', 1, 'http://lorempixel.com/640/480/people/?26471'),
  (104, 'wgleichner', 'jalen86@beahan.net', 'Sigurd', 'Hudson', '6290 Claudie Street\nNorth Micheal, VT 88512-6520', '90113', 'Kemmerside', 14, '$2y$10$naBK7rGxowKm1JfD2W5EvuuQSxpXAWbJYgJXvDOlEuBOeRM8OGtDe', 1, 'http://lorempixel.com/640/480/people/?34362'),
  (105, 'pagac.ayana', 'ekuphal@gulgowski.biz', 'Roxanne', 'Littel', '43384 Arthur Gardens Apt. 725\nWillardton, DC 55700', '68903-4315', 'New Verda', 229, '$2y$10$ISYF6PwaL4VMfd6lO7tUbOo5xNSZ5V/.1voRuQ9LkZb36uWNPj5qG', 1, 'http://lorempixel.com/640/480/people/?22404'),
  (106, 'cmohr', 'adams.triston@reinger.biz', 'Alyson', 'Donnelly', '5662 Danika Shoals\nWest Kip, CO 11648', '87249', 'New Katlynton', 229, '$2y$10$S69oVbLUVycuetrvF20Nd.i61NiUxOY1x5fYglpO3Q.z0cLC7Zyfe', 1, 'http://lorempixel.com/640/480/people/?73265'),
  (107, 'mazie78', 'levi.windler@altenwerth.biz', 'Santa', 'Denesik', '27030 Zoie Glen Apt. 430\nPort Corine, TN 43178', '95336', 'South Dionberg', 14, '$2y$10$InmmA2aoiw7oOo1.9Umx1eRwKt5CmNdgUpowwM9JAAvar5ZTZUAnC', 1, 'http://lorempixel.com/640/480/people/?21792'),
  (108, 'maggio.ethan', 'uheller@berge.net', 'Carmen', 'Brown', '7501 Nitzsche Coves Suite 299\nWest Caylaburgh, CO 71432', '37213', 'Leslieberg', 33, '$2y$10$HapvDBG4RhRsM0Tckzl/0eejAoorkTiQpX6YoIabDrttJzeBRPPZW', 1, 'http://lorempixel.com/640/480/people/?69889'),
  (109, 'rwiza', 'damon.bins@yahoo.com', 'Felicity', 'Pollich', '5230 Bogisich Spurs Suite 554\nNew Brandy, NC 00716', '64670', 'Port Meredithburgh', 229, '$2y$10$fTNSszFUl.xQ7ZfFwJo7/OPLvco7CUlmenAvCYHEk8sfXhJpHde0W', 1, 'http://lorempixel.com/640/480/people/?11814'),
  (110, 'sick', 'henry.fuck@gmail.com', 'll', 'll', 'll', 'll', 'll', 4, '$2y$10$E/ilnBdKGUPNnSdY/acXjeEuxZd8k2RNenom8Am1LmFM1gpAW5L6y', 0, NULL),
  (113, 'sickAustrians', 'andreas.l.rauterx@gmail.com', 'dd', 'dd', 'dd', 'dd', 'dd', 2, '$2y$10$EaP4ZJm/GKYEUFbd2KqShuEl6r.6xCTMFED1HfhVN7V14.3t4vABC', 0, NULL),
  (114, 'xxx', 'kalind.ugly@gmail.com', 'll', 'll', 'll', 'll', 'll', 137, '$2y$10$q.Zma6bKwbTMbYAZSL5D/.jw4O05GxCJZn0oGdFjETq65eRriruiW', 0, NULL);

--
-- Indexes for dumped tables
--

--
-- Indexes for table `auctions`
--
ALTER TABLE `auctions`
ADD PRIMARY KEY (`auctionId`),
ADD KEY `fk_Auctions_Items1_idx` (`itemId`);

--
-- Indexes for table `auction_views`
--
ALTER TABLE `auction_views`
ADD PRIMARY KEY (`viewId`),
ADD KEY `fk_auction_idx` (`auctionId`);

--
-- Indexes for table `auction_watches`
--
ALTER TABLE `auction_watches`
ADD PRIMARY KEY (`watchId`),
ADD KEY `AuctionID_idx` (`auctionId`),
ADD KEY `fk_AuctionWatch_User1_idx` (`userId`);

--
-- Indexes for table `bids`
--
ALTER TABLE `bids`
ADD PRIMARY KEY (`bidId`),
ADD KEY `fk_bids_auctions1_idx` (`auctionId`),
ADD KEY `fk_bids_users1_idx` (`userId`);

--
-- Indexes for table `countries`
--
ALTER TABLE `countries`
ADD PRIMARY KEY (`countryId`);

--
-- Indexes for table `feedbacks`
--
ALTER TABLE `feedbacks`
ADD PRIMARY KEY (`feedbackId`),
ADD KEY `fk_Feedback_Users1_idx` (`receiverId`),
ADD KEY `fk_Feedback_User1_idx` (`creatorId`),
ADD KEY `fk_feedbacks_auctions1_idx` (`auctionId`);

--
-- Indexes for table `items`
--
ALTER TABLE `items`
ADD PRIMARY KEY (`itemId`),
ADD KEY `fk_Auction_User1_idx` (`userId`),
ADD KEY `CategoryID_idx` (`categoryId`),
ADD KEY `ConditionNo_idx` (`conditionId`);

--
-- Indexes for table `item_categories`
--
ALTER TABLE `item_categories`
ADD PRIMARY KEY (`categoryId`),
ADD KEY `fk_superCategory_idx` (`superCategoryId`);

--
-- Indexes for table `item_conditions`
--
ALTER TABLE `item_conditions`
ADD PRIMARY KEY (`conditionId`);

--
-- Indexes for table `super_item_categories`
--
ALTER TABLE `super_item_categories`
ADD PRIMARY KEY (`superCategoryId`);

--
-- Indexes for table `unverified_users`
--
ALTER TABLE `unverified_users`
ADD PRIMARY KEY (`userId`),
ADD UNIQUE KEY `userId_UNIQUE` (`userId`);

--
-- Indexes for table `users`
--
ALTER TABLE `users`
ADD PRIMARY KEY (`userId`),
ADD UNIQUE KEY `email_UNIQUE` (`email`),
ADD UNIQUE KEY `username_UNIQUE` (`username`),
ADD KEY `fk_country_idx` (`countryId`);

--
-- AUTO_INCREMENT for dumped tables
--

--
-- AUTO_INCREMENT for table `auctions`
--
ALTER TABLE `auctions`
MODIFY `auctionId` int(11) NOT NULL AUTO_INCREMENT,AUTO_INCREMENT=177;
--
-- AUTO_INCREMENT for table `auction_views`
--
ALTER TABLE `auction_views`
MODIFY `viewId` int(11) NOT NULL AUTO_INCREMENT;
--
-- AUTO_INCREMENT for table `auction_watches`
--
ALTER TABLE `auction_watches`
MODIFY `watchId` int(11) NOT NULL AUTO_INCREMENT;
--
-- AUTO_INCREMENT for table `bids`
--
ALTER TABLE `bids`
MODIFY `bidId` int(11) NOT NULL AUTO_INCREMENT,AUTO_INCREMENT=1141;
--
-- AUTO_INCREMENT for table `countries`
--
ALTER TABLE `countries`
MODIFY `countryId` int(11) NOT NULL AUTO_INCREMENT,AUTO_INCREMENT=247;
--
-- AUTO_INCREMENT for table `feedbacks`
--
ALTER TABLE `feedbacks`
MODIFY `feedbackId` int(11) NOT NULL AUTO_INCREMENT;
--
-- AUTO_INCREMENT for table `items`
--
ALTER TABLE `items`
MODIFY `itemId` int(11) NOT NULL AUTO_INCREMENT,AUTO_INCREMENT=183;
--
-- AUTO_INCREMENT for table `item_categories`
--
ALTER TABLE `item_categories`
MODIFY `categoryId` int(11) NOT NULL AUTO_INCREMENT,AUTO_INCREMENT=37;
--
-- AUTO_INCREMENT for table `super_item_categories`
--
ALTER TABLE `super_item_categories`
MODIFY `superCategoryId` int(11) NOT NULL AUTO_INCREMENT,AUTO_INCREMENT=10;
--
-- AUTO_INCREMENT for table `unverified_users`
--
ALTER TABLE `unverified_users`
MODIFY `userId` int(11) NOT NULL AUTO_INCREMENT,AUTO_INCREMENT=115;
--
-- AUTO_INCREMENT for table `users`
--
ALTER TABLE `users`
MODIFY `userId` int(11) NOT NULL AUTO_INCREMENT,AUTO_INCREMENT=115;
--
-- Constraints for dumped tables
--

--
-- Constraints for table `auctions`
--
ALTER TABLE `auctions`
ADD CONSTRAINT `fk_item` FOREIGN KEY (`itemId`) REFERENCES `items` (`itemId`) ON DELETE NO ACTION ON UPDATE NO ACTION;

--
-- Constraints for table `auction_watches`
--
ALTER TABLE `auction_watches`
ADD CONSTRAINT `AuctionNo` FOREIGN KEY (`auctionId`) REFERENCES `auctions` (`auctionId`) ON DELETE NO ACTION ON UPDATE NO ACTION,
ADD CONSTRAINT `fk_AuctionWatch_User1` FOREIGN KEY (`userId`) REFERENCES `users` (`userId`) ON DELETE NO ACTION ON UPDATE NO ACTION;

--
-- Constraints for table `bids`
--
ALTER TABLE `bids`
ADD CONSTRAINT `fk_bids_auctions1` FOREIGN KEY (`auctionId`) REFERENCES `auctions` (`auctionId`) ON DELETE NO ACTION ON UPDATE NO ACTION,
ADD CONSTRAINT `fk_bids_users1` FOREIGN KEY (`userId`) REFERENCES `users` (`userId`) ON DELETE NO ACTION ON UPDATE NO ACTION;

--
-- Constraints for table `feedbacks`
--
ALTER TABLE `feedbacks`
ADD CONSTRAINT `fk_feedbacks_auctions1` FOREIGN KEY (`auctionId`) REFERENCES `auctions` (`auctionId`) ON DELETE NO ACTION ON UPDATE NO ACTION,
ADD CONSTRAINT `fk_Feedback_User1` FOREIGN KEY (`creatorId`) REFERENCES `users` (`userId`) ON DELETE NO ACTION ON UPDATE NO ACTION,
ADD CONSTRAINT `fk_Feedback_Users1` FOREIGN KEY (`receiverId`) REFERENCES `users` (`userId`) ON DELETE NO ACTION ON UPDATE NO ACTION;

--
-- Constraints for table `items`
--
ALTER TABLE `items`
ADD CONSTRAINT `fk_user` FOREIGN KEY (`userId`) REFERENCES `users` (`userId`) ON DELETE NO ACTION ON UPDATE NO ACTION,
ADD CONSTRAINT `CategoryNo` FOREIGN KEY (`categoryId`) REFERENCES `item_categories` (`categoryId`) ON DELETE NO ACTION ON UPDATE NO ACTION,
ADD CONSTRAINT `ConditionNo` FOREIGN KEY (`conditionId`) REFERENCES `item_conditions` (`conditionId`) ON DELETE NO ACTION ON UPDATE NO ACTION;

--
-- Constraints for table `item_categories`
--
ALTER TABLE `item_categories`
ADD CONSTRAINT `fk_superCategory` FOREIGN KEY (`superCategoryId`) REFERENCES `super_item_categories` (`superCategoryId`) ON DELETE NO ACTION ON UPDATE NO ACTION;

--
-- Constraints for table `unverified_users`
--
ALTER TABLE `unverified_users`
ADD CONSTRAINT `userId` FOREIGN KEY (`userId`) REFERENCES `users` (`userId`) ON DELETE NO ACTION ON UPDATE NO ACTION;

--
-- Constraints for table `users`
--
ALTER TABLE `users`
ADD CONSTRAINT `fk_country` FOREIGN KEY (`countryId`) REFERENCES `countries` (`countryId`) ON DELETE NO ACTION ON UPDATE NO ACTION;
